pathway	is_cancer	score
pid_p53_regulation_pathway	0	0.0000
reactome_cd28_co_stimulation	0	2.9218
reactome_nitric_oxide_stimulates_guanylate_cyclase	0	0.0000
reactome_caspase_mediated_cleavage_of_cytoskeletal_proteins	0	0.0000
reactome_downstream_signaling_events_of_b_cell_receptor_bcr	0	0.0000
reactome_hedgehog_ligand_biogenesis	0	0.0000
reactome_interleukin_20_family_signaling	0	0.0000
reactome_signaling_by_robo_receptors	0	0.0000
wp_gaba_receptor_signaling	0	0.0000
reactome_unblocking_of_nmda_receptors_glutamate_binding_and_activation	0	0.0000
wp_oxidation_by_cytochrome_p450	0	0.0000
wp_proteasome_degradation	0	0.0000
biocarta_cdc25_pathway	0	0.0000
reactome_metabolism_of_porphyrins	0	0.0000
wp_relationship_between_inflammation_cox2_and_egfr	0	13.9558
wp_selenium_micronutrient_network	0	0.0000
biocarta_fas_pathway	0	0.0000
reactome_defective_f9_activation	0	0.0000
reactome_inhibition_of_replication_initiation_of_damaged_dna_by_rb1_e2f1	0	0.0000
reactome_sulfide_oxidation_to_sulfate	0	0.0000
reactome_retrograde_transport_at_the_trans_golgi_network	0	0.0000
wp_matrix_metalloproteinases	0	0.0000
reactome_assembly_and_cell_surface_presentation_of_nmda_receptors	0	0.0000
reactome_pi_3k_cascade_fgfr4	0	0.5303
reactome_defects_of_contact_activation_system_cas_and_kallikrein_kinin_system_kks	0	0.0000
reactome_the_role_of_gtse1_in_g2_m_progression_after_g2_checkpoint	0	0.0000
wp_il5_signaling_pathway	0	7.0201
reactome_role_of_abl_in_robo_slit_signaling	0	0.0000
wp_methionine_metabolism_leading_to_sulfur_amino_acids_and_related_disorders	0	0.0000
wp_pregnane_x_receptor_pathway	0	0.0000
reactome_sodium_coupled_phosphate_cotransporters	0	0.0000
reactome_cell_cell_junction_organization	0	0.0000
wp_caloric_restriction_and_aging	0	0.0000
reactome_defensins	0	0.0000
pid_insulin_pathway	0	0.0000
reactome_regulation_of_pten_stability_and_activity	0	0.0000
reactome_mitotic_g1_phase_and_g1_s_transition	0	0.0000
reactome_dap12_signaling	0	4.0617
reactome_translesion_synthesis_by_polk	0	0.0000
reactome_cilium_assembly	0	0.0000
reactome_creb1_phosphorylation_through_the_activation_of_adenylate_cyclase	0	0.0000
reactome_negative_regulation_of_mapk_pathway	0	4.4705
wp_hedgehog_signaling_pathway_wp4249	0	0.0000
wp_nicotine_effect_on_chromaffin_cells	0	0.0000
reactome_defective_ext2_causes_exostoses_2	0	0.0000
reactome_glycerophospholipid_catabolism	0	0.0000
reactome_signaling_by_fgfr_in_disease	0	0.9779
reactome_telomere_maintenance	0	0.0000
wp_tnfrelated_weak_inducer_of_apoptosis_tweak_signaling_pathway	0	2.5833
reactome_melanin_biosynthesis	0	0.0000
wp_biosynthesis_and_regeneration_of_tetrahydrobiopterin_and_catabolism_of_phenylalanine	0	0.0000
reactome_toxicity_of_botulinum_toxin_type_d_botd	0	0.0000
reactome_gastrulation	0	0.0000
wp_retinol_metabolism	0	0.0000
reactome_erythrocytes_take_up_carbon_dioxide_and_release_oxygen	0	0.0000
reactome_estrogen_stimulated_signaling_through_prkcz	0	6.1563
reactome_e2f_mediated_regulation_of_dna_replication	0	0.0000
wp_genes_related_to_primary_cilium_development_based_on_crispr	0	0.0000
wp_vitamin_d_in_inflammatory_diseases	0	0.0000
wp_sphingolipid_metabolism_integrated_pathway	0	0.0000
reactome_sars_cov_1_activates_modulates_innate_immune_responses	0	0.0000
reactome_ksrp_khsrp_binds_and_destabilizes_mrna	0	0.0000
reactome_amino_acids_regulate_mtorc1	0	0.0000
biocarta_proteasome_pathway	0	0.0000
reactome_gap_junction_assembly	0	0.0000
reactome_transcriptional_regulation_by_small_rnas	0	0.0000
reactome_uptake_of_dietary_cobalamins_into_enterocytes	0	0.0000
biocarta_erk_pathway	0	8.0609
wp_lipid_metabolism_pathway	0	0.0000
pid_aurora_b_pathway	0	0.0000
reactome_neurotransmitter_receptors_and_postsynaptic_signal_transmission	0	0.0000
reactome_gamma_carboxylation_transport_and_amino_terminal_cleavage_of_proteins	0	0.0000
reactome_met_activates_ptpn11	0	0.6191
wp_kynurenine_pathway_and_links_to_cell_senescence	0	0.0000
reactome_sodium_proton_exchangers	0	0.0000
reactome_miscellaneous_substrates	0	0.0000
pid_il2_stat5_pathway	0	0.4491
biocarta_hsp27_pathway	0	0.0000
reactome_synthesis_secretion_and_deacylation_of_ghrelin	0	0.0000
reactome_defective_b4galt1_causes_b4galt1_cdg_cdg_2d	0	0.0000
wp_metabolic_reprogramming_in_pancreatic_cancer	1	0.0000
wp_purinergic_signaling	0	0.0000
reactome_metabolism_of_lipids	0	0.0000
biocarta_rna_pathway	0	0.0000
reactome_signaling_by_wnt_in_cancer	1	0.7702
reactome_loss_of_mecp2_binding_ability_to_the_ncor_smrt_complex	0	0.0000
reactome_transcriptional_regulation_of_granulopoiesis	0	0.0000
pid_anthrax_pathway	0	0.0000
reactome_transferrin_endocytosis_and_recycling	0	0.0000
wp_myd88_distinct_inputoutput_pathway	0	0.0000
wp_atm_signaling_pathway	0	0.0000
reactome_interleukin_2_family_signaling	0	1.0744
reactome_resolution_of_sister_chromatid_cohesion	0	0.0000
reactome_uptake_and_function_of_diphtheria_toxin	0	0.0000
wp_mammalian_disorder_of_sexual_development	0	0.0000
biocarta_nthi_pathway	0	0.4452
reactome_tnfr1_induced_nfkappab_signaling_pathway	0	0.0000
reactome_aspirin_adme	0	0.0000
wp_classical_pathway_of_steroidogenesis_with_glucocorticoid_and_mineralocorticoid_metabolism	0	0.0000
reactome_lysosphingolipid_and_lpa_receptors	0	0.0000
wp_steroid_hormone_precursor_biosynthesis	0	0.0000
pid_il23_pathway	0	0.0000
reactome_er_quality_control_compartment_erqc	0	0.0000
reactome_ldl_remodeling	0	0.0000
reactome_class_c_3_metabotropic_glutamate_pheromone_receptors	0	0.0000
reactome_synthesis_of_5_eicosatetraenoic_acids	0	0.0000
wp_biomarkers_for_pyrimidine_metabolism_disorders	0	0.0000
reactome_depolymerisation_of_the_nuclear_lamina	0	0.0000
biocarta_tnfr2_pathway	0	0.4413
reactome_grb2_events_in_erbb2_signaling	0	3.8726
reactome_inlb_mediated_entry_of_listeria_monocytogenes_into_host_cell	0	0.0000
biocarta_bcr_pathway	0	0.7790
reactome_ticam1_dependent_activation_of_irf3_irf7	0	0.0000
pid_syndecan_1_pathway	0	0.0000
pid_avb3_opn_pathway	0	1.0040
reactome_aryl_hydrocarbon_receptor_signalling	0	0.0000
reactome_tfap2a_acts_as_a_transcriptional_repressor_during_retinoic_acid_induced_cell_differentiation	0	0.0000
biocarta_p53_pathway	0	6.6966
reactome_tp53_regulates_transcription_of_additional_cell_cycle_genes_whose_exact_role_in_the_p53_pathway_remain_uncertain	0	0.0000
biocarta_rela_pathway	0	0.3480
reactome_ngf_independant_trka_activation	0	0.0000
wp_acute_viral_myocarditis	0	0.0000
reactome_protein_ubiquitination	0	0.0000
wp_ebola_virus_infection_in_host	0	0.0000
wp_mir5093p_alteration_of_yap1ecm_axis	0	0.0000
reactome_antiviral_mechanism_by_ifn_stimulated_genes	0	0.0000
reactome_cell_cell_communication	0	0.0000
biocarta_calcineurin_pathway	0	0.7498
pid_hif2pathway	0	1.4177
wp_gpcrs_class_c_metabotropic_glutamate_pheromone	0	0.0000
reactome_myoclonic_epilepsy_of_lafora	0	0.0000
reactome_pi3k_akt_signaling_in_cancer	1	7.5079
reactome_nf_kb_activation_through_fadd_rip_1_pathway_mediated_by_caspase_8_and_10	0	0.0000
pid_aurora_a_pathway	0	0.0000
wp_glial_cell_differentiation	0	0.0000
reactome_rhobtb_gtpase_cycle	0	0.0000
reactome_mrna_editing_c_to_u_conversion	0	0.0000
reactome_synthesis_of_16_20_hydroxyeicosatetraenoic_acids_hete	0	0.0000
biocarta_pkc_pathway	0	0.0000
reactome_urea_cycle	0	0.0000
wp_ciliary_landscape	0	0.0000
biocarta_sodd_pathway	0	0.0000
wp_nanoparticlemediated_activation_of_receptor_signaling	0	11.5644
wp_neural_crest_differentiation	0	0.0000
reactome_o_linked_glycosylation_of_mucins	0	0.0000
reactome_interleukin_21_signaling	0	0.0000
reactome_interaction_between_l1_and_ankyrins	0	0.0000
wp_small_cell_lung_cancer	1	12.6281
reactome_inhibition_of_the_proteolytic_activity_of_apc_c_required_for_the_onset_of_anaphase_by_mitotic_spindle_checkpoint_components	0	0.0000
reactome_postmitotic_nuclear_pore_complex_npc_reformation	0	0.0000
reactome_purine_catabolism	0	0.0000
biocarta_cb1r_pathway	0	0.0000
reactome_ecm_proteoglycans	0	0.6949
reactome_response_of_mtb_to_phagocytosis	0	0.0000
biocarta_kreb_pathway	0	0.0000
reactome_cyclin_a_cdk2_associated_events_at_s_phase_entry	0	0.0000
reactome_eicosanoid_ligand_binding_receptors	0	0.0000
reactome_n_glycan_antennae_elongation_in_the_medial_trans_golgi	0	0.0000
pid_fra_pathway	0	0.0000
wp_familial_hyperlipidemia_type_2	0	0.0000
pid_cone_pathway	0	0.0000
reactome_synthesis_of_pips_at_the_late_endosome_membrane	0	0.0000
reactome_type_i_hemidesmosome_assembly	0	0.0000
wp_p38_mapk_signaling_pathway	0	0.0000
biocarta_fcer1_pathway	0	4.8253
wp_atr_signaling	0	0.0000
biocarta_eif4_pathway	0	2.1865
biocarta_41bb_pathway	0	0.0000
pid_shp2_pathway	0	5.2933
reactome_rho_gtpases_activate_nadph_oxidases	0	0.0000
reactome_signaling_by_braf_and_raf1_fusions	0	0.8390
reactome_signaling_by_tgfb_family_members	0	0.0000
wp_erk_pathway_in_huntingtons_disease	0	1.8328
wp_hijack_of_ubiquitination_by_sarscov2	0	0.0000
wp_melanoma	1	16.3794
reactome_rac2_gtpase_cycle	0	0.0000
reactome_arachidonic_acid_metabolism	0	0.0000
reactome_diseases_of_mismatch_repair_mmr	0	1.4747
wp_notch1_regulation_of_endothelial_cell_calcification	0	0.0000
reactome_smac_xiap_regulated_apoptotic_response	0	0.0000
pid_netrin_pathway	0	0.0000
biocarta_flumazenil_pathway	0	0.0000
pid_erbb1_receptor_proximal_pathway	0	6.3024
wp_cellular_proteostasis	0	0.0000
biocarta_ires_pathway	0	0.0000
pid_nfkappab_canonical_pathway	0	0.0000
reactome_fgfr1c_ligand_binding_and_activation	0	0.6401
pid_ncadherin_pathway	0	0.0000
reactome_transport_of_nucleosides_and_free_purine_and_pyrimidine_bases_across_the_plasma_membrane	0	0.0000
reactome_the_fatty_acid_cycling_model	0	0.0000
reactome_oncogene_induced_senescence	0	6.9241
wp_fgfr3_signaling_in_chondrocyte_proliferation_and_terminal_differentiation	0	0.8266
wp_resolvin_e1_and_resolvin_d1_signaling_pathways_promoting_inflammation_resolution	0	3.3345
wp_biomarkers_for_urea_cycle_disorders	0	0.0000
wp_copper_homeostasis	0	0.0000
reactome_g_protein_mediated_events	0	0.0000
reactome_signaling_by_egfr_in_cancer	1	3.5182
reactome_dna_replication_pre_initiation	0	0.0000
reactome_tnfr1_mediated_ceramide_production	0	0.0000
wp_leptin_and_adiponectin	0	0.0000
reactome_transport_to_the_golgi_and_subsequent_modification	0	0.0000
biocarta_stress_pathway	0	0.0000
reactome_processing_of_intronless_pre_mrnas	0	0.0000
reactome_cell_cycle_checkpoints	0	0.0000
reactome_runx1_regulates_transcription_of_genes_involved_in_differentiation_of_myeloid_cells	0	0.0000
reactome_chl1_interactions	0	0.0000
reactome_binding_and_uptake_of_ligands_by_scavenger_receptors	0	0.0000
reactome_mitochondrial_iron_sulfur_cluster_biogenesis	0	0.0000
biocarta_melanocyte_pathway	0	0.0000
biocarta_hif_pathway	0	0.0000
reactome_peptide_ligand_binding_receptors	0	0.0000
reactome_extracellular_matrix_organization	0	0.0000
reactome_recruitment_of_mitotic_centrosome_proteins_and_complexes	0	0.0000
biocarta_mitochondria_pathway	0	0.0000
reactome_sars_cov_2_targets_pdz_proteins_in_cell_cell_junction	0	0.0000
reactome_synthesis_of_bile_acids_and_bile_salts	0	0.0000
wp_fas_ligand_pathway_and_stress_induction_of_heat_shock_proteins	0	0.0000
reactome_butyrate_response_factor_1_brf1_binds_and_destabilizes_mrna	0	0.0000
wp_nicotine_effect_on_dopaminergic_neurons	0	0.0000
wp_sarscov2_and_covid19_pathway	0	0.0000
pid_reelin_pathway	0	0.0000
wp_breast_cancer_pathway	1	18.2125
biocarta_eif2_pathway	0	0.0000
reactome_phase_3_rapid_repolarisation	0	0.0000
reactome_inla_mediated_entry_of_listeria_monocytogenes_into_host_cells	0	0.0000
reactome_ligand_receptor_interactions	0	0.0000
wp_angiotensin_ii_receptor_type_1_pathway	0	0.0000
reactome_hyaluronan_biosynthesis_and_export	0	0.0000
wp_osteopontin_signaling	0	2.9218
wp_serotonin_and_anxietyrelated_events	0	0.0000
biocarta_eryth_pathway	0	0.0000
wp_transcriptional_cascade_regulating_adipogenesis	0	0.0000
reactome_tnfr2_non_canonical_nf_kb_pathway	0	0.0000
wp_sleep_regulation	0	0.0000
biocarta_tnfr1_pathway	0	0.0000
reactome_copii_mediated_vesicle_transport	0	0.0000
sig_pip3_signaling_in_b_lymphocytes	0	1.0753
biocarta_il2_pathway	0	1.4569
reactome_cargo_recognition_for_clathrin_mediated_endocytosis	0	0.0000
reactome_resolution_of_ap_sites_via_the_multiple_nucleotide_patch_replacement_pathway	0	0.0000
reactome_rhou_gtpase_cycle	0	0.0000
reactome_costimulation_by_the_cd28_family	0	0.0000
reactome_toll_like_receptor_9_tlr9_cascade	0	0.0000
wp_cholesterol_synthesis_disorders	0	0.0000
wp_bile_acids_synthesis_and_enterohepatic_circulation	0	0.0000
wp_complement_activation	0	0.0000
reactome_ras_processing	0	0.0000
wp_osteoblast_signaling	0	0.0000
reactome_defective_csf2rb_causes_smdp5	0	0.0000
reactome_gaba_synthesis_release_reuptake_and_degradation	0	0.0000
biocarta_cd40_pathway	0	0.4156
naba_secreted_factors	0	0.0000
wp_nonsmall_cell_lung_cancer	1	16.0380
sig_bcr_signaling_pathway	0	8.3847
reactome_pten_regulation	0	0.0000
reactome_notch4_activation_and_transmission_of_signal_to_the_nucleus	0	0.0000
wp_sulfation_biotransformation_reaction	0	0.0000
reactome_regulation_by_c_flip	0	0.0000
pid_hnf3b_pathway	0	0.0000
reactome_ddx58_ifih1_mediated_induction_of_interferon_alpha_beta	0	0.0000
wp_progeriaassociated_lipodystrophy	0	0.0000
reactome_camk_iv_mediated_phosphorylation_of_creb	0	0.0000
wp_effects_of_nitric_oxide	0	0.0000
biocarta_alk_pathway	0	0.8931
reactome_formation_of_paraxial_mesoderm	0	0.0000
reactome_pink1_prkn_mediated_mitophagy	0	0.0000
reactome_elastic_fibre_formation	0	0.0000
wp_amyotrophic_lateral_sclerosis_als	0	0.0000
wp_regulation_of_apoptosis_by_parathyroid_hormonerelated_protein	0	0.0000
reactome_transcriptional_regulation_by_runx2	0	0.0000
reactome_cytokine_signaling_in_immune_system	0	0.0000
reactome_transcriptional_regulation_by_the_ap_2_tfap2_family_of_transcription_factors	0	0.0000
reactome_ras_activation_upon_ca2_influx_through_nmda_receptor	0	0.7401
reactome_gap_junction_degradation	0	0.0000
reactome_oxidative_stress_induced_senescence	0	0.0000
reactome_respiratory_electron_transport_atp_synthesis_by_chemiosmotic_coupling_and_heat_production_by_uncoupling_proteins	0	0.0000
reactome_signaling_by_insulin_receptor	0	0.9529
wp_lung_fibrosis	0	0.0000
wp_pathogenesis_of_sarscov2_mediated_by_nsp9nsp10_complex	0	0.0000
reactome_erks_are_inactivated	0	0.0000
reactome_mineralocorticoid_biosynthesis	0	0.0000
reactome_mrna_editing	0	0.0000
reactome_erythropoietin_activates_stat5	0	0.0000
reactome_cytochrome_c_mediated_apoptotic_response	0	0.0000
reactome_sumoylation_of_ubiquitinylation_proteins	0	0.0000
reactome_signaling_by_notch1_hd_domain_mutants_in_cancer	1	0.0000
reactome_synthesis_of_glycosylphosphatidylinositol_gpi	0	0.0000
reactome_transcriptional_regulation_by_runx3	0	0.0000
wp_galanin_receptor_pathway	0	0.0000
wp_hostpathogen_interaction_of_human_coronaviruses_mapk_signaling	0	0.3954
wp_sphingolipid_metabolism_in_senescence	0	0.0000
biocarta_agpcr_pathway	0	0.0000
reactome_plasma_lipoprotein_remodeling	0	0.0000
wp_homologous_recombination	0	0.0000
wp_mfap5_effect_on_permeability_and_motility_of_endothelial_cells_via_cytoskeleton_rearrangement	0	0.0000
wp_pdgf_pathway	0	5.4676
reactome_synthesis_of_gdp_mannose	0	0.0000
reactome_reactions_specific_to_the_complex_n_glycan_synthesis_pathway	0	0.0000
reactome_rho_gtpases_activate_paks	0	0.0000
reactome_signalling_to_erks	0	6.2693
reactomematuration_of__sars_cov_1_nucleoprotein	0	0.0000
reactome_interleukin_18_signaling	0	0.0000
wp_fbxl10_enhancement_of_maperk_signaling_in_diffuse_large_bcell_lymphoma	0	0.0000
wp_il6_signaling_pathway	0	4.6108
wp_estradiol_regulation_in_portosinusoidal_vascular_disease	0	0.0000
wp_sarscov2_innate_immunity_evasion_and_cellspecific_immune_response	0	0.0000
biocarta_stat3_pathway	0	0.0000
wp_urea_cycle_and_related_diseases	0	0.0000
reactome_tfap2_ap_2_family_regulates_transcription_of_growth_factors_and_their_receptors	0	0.0000
pid_fak_pathway	0	0.4375
biocarta_salmonella_pathway	0	0.0000
reactome_degradation_of_dvl	0	0.0000
wp_apoptosis	0	1.1450
reactome_surfactant_metabolism	0	0.0000
reactome_akt_phosphorylates_targets_in_the_cytosol	0	4.7133
reactome_tp53_regulates_transcription_of_genes_involved_in_g2_cell_cycle_arrest	0	0.0000
reactome_trif_mediated_programmed_cell_death	0	0.0000
wp_tryptophan_catabolism_leading_to_nad_production	0	0.0000
reactome_complement_cascade	0	0.0000
reactome_triglyceride_biosynthesis	0	0.0000
wp_metabolic_pathway_of_ldl_hdl_and_tg_including_diseases	0	0.0000
wp_mir222_in_exerciseinduced_cardiac_growth	0	0.0000
reactome_tcr_signaling	0	0.0000
wp_overlap_between_signal_transduction_pathways_contributing_to_lmna_laminopathies	0	1.2823
biocarta_sumo_pathway	0	0.0000
reactome_extrinsic_pathway_of_fibrin_clot_formation	0	0.0000
reactome_regulation_of_signaling_by_cbl	0	2.4743
reactome_rho_gtpases_activate_rocks	0	0.0000
pid_s1p_s1p1_pathway	0	0.0000
reactome_acyl_chain_remodeling_of_dag_and_tag	0	0.0000
reactome_mitotic_g2_g2_m_phases	0	0.0000
reactome_npas4_regulates_expression_of_target_genes	0	0.0000
wp_7q1123_copy_number_variation_syndrome	0	0.0000
reactome_cd28_dependent_pi3k_akt_signaling	0	4.8856
reactome_cellular_response_to_heat_stress	0	0.0000
reactome_glucagon_signaling_in_metabolic_regulation	0	0.0000
reactome_ikba_variant_leads_to_eda_id	0	3.4469
wp_codeine_and_morphine_metabolism	0	0.0000
wp_neuroinflammation_and_glutamatergic_signaling	0	0.0000
reactome_deactivation_of_the_beta_catenin_transactivating_complex	0	0.0000
reactome_opioid_signalling	0	0.0000
biocarta_p53hypoxia_pathway	0	0.0000
wp_ether_lipid_biosynthesis	0	0.0000
reactome_transport_and_synthesis_of_paps	0	0.0000
wp_krebs_cycle_disorders	0	0.0000
biocarta_eif_pathway	0	0.0000
wp_omega9_fatty_acid_synthesis	0	0.0000
reactome_apex1_independent_resolution_of_ap_sites_via_the_single_nucleotide_replacement_pathway	0	0.0000
wp_serotonin_receptor_467_and_nr3c_signaling	0	1.6444
reactome_degradation_of_axin	0	0.0000
wp_mir517_relationship_with_arcn1_and_usp1	0	0.0000
biocarta_srcrptp_pathway	0	0.0000
reactome_lgi_adam_interactions	0	0.0000
reactome_metabolism_of_nucleotides	0	0.0000
reactome_sensory_perception	0	0.0000
wp_familial_hyperlipidemia_type_3	0	0.0000
reactome_rna_polymerase_ii_pre_transcription_events	0	0.0000
reactome_regulation_of_runx2_expression_and_activity	0	0.0000
wp_valproic_acid_pathway	0	0.0000
wp_network_map_of_sarscov2_signaling_pathway	0	0.0000
wp_type_2_papillary_renal_cell_carcinoma	1	3.1098
biocarta_s1p_pathway	0	0.0000
reactome_ketone_body_metabolism	0	0.0000
reactome_signalling_to_ras	0	1.0382
biocarta_cacam_pathway	0	0.0000
wp_kit_receptor_signaling_pathway	0	4.6813
reactome_cell_surface_interactions_at_the_vascular_wall	0	0.0000
reactome_induction_of_cell_cell_fusion	0	0.0000
wp_cell_differentiation_index	0	0.0000
wp_cell_interactions_of_the_pancreatic_cancer_microenvironment	1	0.0000
reactome_rna_polymerase_ii_transcribes_snrna_genes	0	0.0000
reactome_scavenging_by_class_a_receptors	0	0.0000
biocarta_cdmac_pathway	0	7.4620
pid_erbb1_internalization_pathway	0	8.4955
reactome_tnf_receptor_superfamily_tnfsf_members_mediating_non_canonical_nf_kb_pathway	0	0.0000
pid_ifng_pathway	0	1.3461
reactome_formation_of_the_cornified_envelope	0	0.0000
reactome_ion_homeostasis	0	0.0000
reactome_gpcr_ligand_binding	0	1.0113
reactome_gab1_signalosome	0	0.0000
biocarta_dnafragment_pathway	0	0.0000
reactome_activation_of_rac1_downstream_of_nmdars	0	0.0000
reactome_chrebp_activates_metabolic_gene_expression	0	0.0000
reactome_purinergic_signaling_in_leishmaniasis_infection	0	0.0000
reactome_interleukin_37_signaling	0	0.0000
reactome_negative_feedback_regulation_of_mapk_pathway	0	11.7953
wp_cohesin_complex_cornelia_de_lange_syndrome	0	0.0000
reactome_lagging_strand_synthesis	0	0.0000
wp_mirna_regulation_of_p53_pathway_in_prostate_cancer	1	0.0000
biocarta_pitx2_pathway	0	0.8789
biocarta_ldl_pathway	0	0.0000
biocarta_lymphocyte_pathway	0	0.0000
reactome_dna_double_strand_break_repair	0	0.0000
reactome_visual_phototransduction	0	0.0000
reactome_fertilization	0	0.0000
reactome_signaling_by_erbb2_in_cancer	1	2.3200
wp_mitochondrial_long_chain_fatty_acid_betaoxidation	0	0.0000
wp_transsulfuration_pathway	0	0.0000
reactome_miro_gtpase_cycle	0	0.0000
reactome_sperm_motility_and_taxes	0	0.0000
reactome_triglyceride_catabolism	0	0.0000
wp_nanomaterialinduced_inflammasome_activation	0	0.0000
pid_rhoa_pathway	0	0.0000
reactome_signaling_by_alk_in_cancer	1	0.0000
reactome_cytoprotection_by_hmox1	0	0.0000
reactome_vitamin_c_ascorbate_metabolism	0	0.0000
reactome_dna_strand_elongation	0	0.0000
wp_synthesis_of_ceramides_and_1deoxyceramides	0	0.0000
reactome_sensory_perception_of_taste	0	0.0000
reactome_nonhomologous_end_joining_nhej	0	0.0000
reactome_cd22_mediated_bcr_regulation	0	0.0000
reactome_interleukin_12_family_signaling	0	0.0000
reactome_apoptotic_cleavage_of_cellular_proteins	0	0.0000
reactome_estrogen_dependent_nuclear_events_downstream_of_esr_membrane_signaling	0	6.6111
reactome_sulfur_amino_acid_metabolism	0	0.0000
reactome_nr1h2_and_nr1h3_mediated_signaling	0	0.0000
reactome_prc2_methylates_histones_and_dna	0	0.0000
biocarta_pyk2_pathway	0	3.3465
biocarta_extrinsic_pathway	0	0.0000
reactome_nr1h2_nr1h3_regulate_gene_expression_to_limit_cholesterol_uptake	0	0.0000
reactome_toll_like_receptor_tlr1_tlr2_cascade	0	0.0000
wp_kisspeptinkisspeptin_receptor_system_in_the_ovary	0	13.7203
biocarta_no1_pathway	0	0.0000
reactome_alpha_oxidation_of_phytanate	0	0.0000
reactome_scavenging_by_class_f_receptors	0	0.0000
reactome_metabolism_of_nitric_oxide_nos3_activation_and_regulation	0	0.0000
reactome_nuclear_signaling_by_erbb4	0	0.0000
pid_il12_stat4_pathway	0	0.0000
pid_tcptp_pathway	0	8.9883
reactome_creb1_phosphorylation_through_nmda_receptor_mediated_activation_of_ras_signaling	0	0.6474
reactome_sumoylation_of_rna_binding_proteins	0	0.0000
reactome_advanced_glycosylation_endproduct_receptor_signaling	0	0.0000
wp_glycogen_synthesis_and_degradation	0	0.0000
wp_interactions_between_immune_cells_and_micrornas_in_tumor_microenvironment	0	0.0000
pid_lis1_pathway	0	0.0000
reactome_smooth_muscle_contraction	0	0.0000
reactome_synthesis_of_udp_n_acetyl_glucosamine	0	0.0000
wp_ras_and_bradykinin_pathways_in_covid19	0	0.0000
wp_t_cell_modulation_in_pancreatic_cancer	1	0.0000
reactome_hydrolysis_of_lpc	0	0.0000
reactome_bmal1_clock_npas2_activates_circadian_gene_expression	0	0.0000
wp_intraflagellar_transport_proteins_binding_to_dynein	0	0.0000
biocarta_prion_pathway	0	0.0000
biocarta_feeder_pathway	0	0.0000
pid_angiopoietin_receptor_pathway	0	1.0670
reactome_platelet_calcium_homeostasis	0	0.0000
reactome_integrin_signaling	0	0.0000
reactome_o_glycosylation_of_tsr_domain_containing_proteins	0	0.0000
biocarta_toll_pathway	0	0.0000
reactome_ion_transport_by_p_type_atpases	0	0.0000
reactome_rhob_gtpase_cycle	0	0.0000
wp_vitamin_a_and_carotenoid_metabolism	0	0.0000
reactome_assembly_of_the_hiv_virion	0	0.0000
reactome_signaling_by_csf3_g_csf	0	0.0000
biocarta_tid_pathway	0	0.0000
reactome_beta_oxidation_of_octanoyl_coa_to_hexanoyl_coa	0	0.0000
reactome_adenylate_cyclase_inhibitory_pathway	0	0.0000
reactome_voltage_gated_potassium_channels	0	0.0000
wp_hematopoietic_stem_cell_differentiation	0	0.0000
reactome_vitamin_b5_pantothenate_metabolism	0	0.0000
reactome_stimuli_sensing_channels	0	0.0000
reactome_gene_and_protein_expression_by_jak_stat_signaling_after_interleukin_12_stimulation	0	0.0000
pid_hes_hey_pathway	0	0.0000
reactome_negative_regulation_of_the_pi3k_akt_network	0	6.5436
reactome_interleukin_15_signaling	0	1.1286
biocarta_agr_pathway	0	1.0113
reactome_fbxw7_mutants_and_notch1_in_cancer	1	0.0000
reactome_activation_of_ras_in_b_cells	0	1.1368
biocarta_ctl_pathway	0	0.0000
reactome_ctla4_inhibitory_signaling	0	0.0000
reactome_fgfr3b_ligand_binding_and_activation	0	0.6704
reactome_phenylalanine_and_tyrosine_metabolism	0	0.0000
reactome_prednisone_adme	0	0.0000
biocarta_akt_pathway	0	6.4618
biocarta_longevity_pathway	0	3.4929
pid_il2_pi3k_pathway	0	1.0744
reactome_adp_signalling_through_p2y_purinoceptor_1	0	0.0000
reactome_signaling_by_gpcr	0	0.0000
reactome_signaling_by_type_1_insulin_like_growth_factor_1_receptor_igf1r	0	5.8377
reactome_trna_aminoacylation	0	0.0000
biocarta_vegf_pathway	0	0.0000
biocarta_ptdins_pathway	0	0.0000
reactome_apc_c_cdh1_mediated_degradation_of_cdc20_and_other_apc_c_cdh1_targeted_proteins_in_late_mitosis_early_g1	0	0.0000
reactome_ca2_activated_k_channels	0	0.0000
reactome_egfr_transactivation_by_gastrin	0	4.2099
reactome_maturation_of_protein_3a	0	0.0000
reactome_pre_notch_processing_in_the_endoplasmic_reticulum	0	0.0000
biocarta_ecm_pathway	0	6.6664
reactome_arachidonate_production_from_dag	0	0.0000
reactome_signaling_by_notch1_t_7_9_notch1_m1580_k2555_translocation_mutant	0	0.0000
wp_burn_wound_healing	0	0.0000
wp_cholesterol_metabolism_with_bloch_and_kandutschrussell_pathways	0	0.0000
wp_cytoplasmic_ribosomal_proteins	0	0.0000
wp_disorders_in_ketone_body_synthesis	0	0.0000
reactome_fceri_mediated_mapk_activation	0	0.0000
reactome_rmts_methylate_histone_arginines	0	0.0000
reactome_transcriptional_regulation_by_tp53	0	0.0000
wp_ferroptosis	0	0.0000
wp_nephrogenesis	0	0.0000
reactome_signaling_by_scf_kit	0	2.1349
pid_ar_nongenomic_pathway	0	5.3288
biocarta_gcr_pathway	0	0.8030
reactome_epithelial_mesenchymal_transition_emt_during_gastrulation	0	0.0000
reactome_g2_phase	0	0.0000
pid_integrin_a9b1_pathway	0	0.0000
pid_tnf_pathway	0	0.0000
biocarta_erk5_pathway	0	6.3769
reactome_activation_of_ppargc1a_pgc_1alpha_by_phosphorylation	0	0.0000
biocarta_akap13_pathway	0	0.0000
reactome_disassembly_of_the_destruction_complex_and_recruitment_of_axin_to_the_membrane	0	0.7123
reactome_flt3_signaling	0	4.0906
reactome_integration_of_energy_metabolism	0	0.0000
reactome_interleukin_17_signaling	0	0.0000
reactome_antigen_activates_b_cell_receptor_bcr_leading_to_generation_of_second_messengers	0	0.0000
reactome_nervous_system_development	0	0.0000
biocarta_ranms_pathway	0	0.0000
reactome_ns1_mediated_effects_on_host_pathways	0	0.0000
reactome_other_semaphorin_interactions	0	0.0000
reactome_pyruvate_metabolism_and_citric_acid_tca_cycle	0	0.0000
reactome_regulation_of_pyruvate_dehydrogenase_pdh_complex	0	0.0000
reactome_rhoa_gtpase_cycle	0	0.0000
biocarta_par1_pathway	0	0.0000
reactome_mapk3_erk1_activation	0	0.0000
pid_ephrinb_rev_pathway	0	0.0000
reactome_platelet_adhesion_to_exposed_collagen	0	0.0000
wp_alpha_6_beta_4_signaling_pathway	0	4.7524
wp_biosynthesis_and_turnover_of_1deoxysphingoid_bases	0	0.0000
wp_roles_of_ceramides_in_development_of_insulin_resistance	0	0.0000
wp_unfolded_protein_response	0	0.0000
wp_wnt_signaling	0	1.7912
reactome_constitutive_signaling_by_overexpressed_erbb2	0	3.3892
reactome_interleukin_1_signaling	0	0.0000
reactome_runx1_regulates_genes_involved_in_megakaryocyte_differentiation_and_platelet_function	0	0.0000
wp_inflammatory_response_pathway	0	0.0000
reactome_sensing_of_dna_double_strand_breaks	0	0.0000
reactome_activated_tak1_mediates_p38_mapk_activation	0	0.0000
reactome_gp1b_ix_v_activation_signalling	0	0.0000
reactome_runx1_regulates_transcription_of_genes_involved_in_bcr_signaling	0	0.0000
reactome_inflammasomes	0	0.0000
pid_arf6_pathway	0	0.0000
reactome_hyaluronan_metabolism	0	0.0000
sig_cd40pathwaymap	0	0.5102
biocarta_rab_pathway	0	0.0000
reactome_prostanoid_ligand_receptors	0	0.0000
pid_smad2_3nuclear_pathway	0	0.0000
naba_core_matrisome	0	0.0000
reactome_caspase_activation_via_death_receptors_in_the_presence_of_ligand	0	0.0000
reactome_antigen_processing_ubiquitination_proteasome_degradation	0	0.0000
reactome_collagen_chain_trimerization	0	0.0000
reactome_cellular_senescence	0	0.0000
reactome_g_alpha_i_signalling_events	0	0.0000
biocarta_cdc42rac_pathway	0	0.5102
pid_ar_tf_pathway	0	0.0000
reactome_nicotinamide_salvaging	0	0.0000
reactome_pd_1_signaling	0	0.0000
wp_ebsteinbarr_virus_lmp1_signaling	0	0.0000
reactome_enos_activation	0	0.0000
reactome_plasma_lipoprotein_clearance	0	0.0000
biocarta_ahsp_pathway	0	0.0000
pid_ret_pathway	0	0.2184
reactome_metabolism_of_amino_acids_and_derivatives	0	0.0000
wp_degradation_pathway_of_sphingolipids_including_diseases	0	0.0000
biocarta_cardiacegf_pathway	0	0.0000
pid_alk2_pathway	0	0.0000
reactome_metabolism_of_steroids	0	0.0000
reactome_ras_signaling_downstream_of_nf1_loss_of_function_variants	0	0.5355
reactome_sumoylation_of_dna_replication_proteins	0	0.0000
reactome_degradation_of_the_extracellular_matrix	0	0.0000
reactome_dna_double_strand_break_response	0	0.0000
reactome_eph_ephrin_signaling	0	0.0000
reactome_processive_synthesis_on_the_lagging_strand	0	0.0000
biocarta_actiny_pathway	0	0.0000
reactome_cobalamin_cbl_vitamin_b12_transport_and_metabolism	0	0.0000
reactome_traf6_mediated_irf7_activation_in_tlr7_8_or_9_signaling	0	0.0000
reactome_egfr_downregulation	0	0.0000
reactome_conversion_from_apc_c_cdc20_to_apc_c_cdh1_in_late_anaphase	0	0.0000
pid_retinoic_acid_pathway	0	0.9234
reactome_downstream_signaling_of_activated_fgfr1	0	1.4716
reactome_regulation_of_expression_of_slits_and_robos	0	0.0000
biocarta_carm1_pathway	0	0.0000
reactome_hcmv_late_events	0	0.0000
reactome_nr1h2_nr1h3_regulate_gene_expression_linked_to_triglyceride_lipolysis_in_adipose	0	0.0000
reactome_intrinsic_pathway_of_fibrin_clot_formation	0	0.0000
reactome_rhot1_gtpase_cycle	0	0.0000
reactome_signaling_by_notch	0	0.0000
wp_metapathway_biotransformation_phase_i_and_ii	0	0.0000
wp_alzheimers_disease	0	4.1067
pid_ecadherin_nascent_aj_pathway	0	0.0000
reactome_regulation_of_localization_of_foxo_transcription_factors	0	0.0000
reactome_vegfr2_mediated_cell_proliferation	0	0.5102
wp_development_of_ureteric_collection_system	0	0.0000
wp_estrogen_signaling_pathway	0	3.8005
reactome_signaling_by_kit_in_disease	0	4.3650
reactome_post_chaperonin_tubulin_folding_pathway	0	0.0000
biocarta_intrinsic_pathway	0	0.0000
reactome_chk1_chk2_cds1_mediated_inactivation_of_cyclin_b_cdk1_complex	0	0.0000
reactome_tcf_dependent_signaling_in_response_to_wnt	0	0.2275
wp_metabolic_reprogramming_in_colon_cancer	1	0.0000
wp_pi3kaktmtor_vitamin_d3_signaling	0	0.0000
wp_regulation_of_wnt_bcatenin_signaling_by_small_molecule_compounds	0	0.9079
pid_rhodopsin_pathway	0	0.0000
reactome_nrcam_interactions	0	0.0000
reactome_tp53_regulates_transcription_of_death_receptors_and_ligands	0	0.0000
reactome_trna_processing_in_the_mitochondrion	0	0.0000
wp_b_cell_receptor_signaling_pathway	0	7.7161
reactome_rhov_gtpase_cycle	0	0.0000
pid_beta_catenin_nuc_pathway	0	0.0000
reactome_g2_m_dna_damage_checkpoint	0	0.0000
reactome_hdl_assembly	0	0.0000
reactome_recognition_and_association_of_dna_glycosylase_with_site_containing_an_affected_purine	0	0.0000
reactome_disinhibition_of_snare_formation	0	0.0000
reactome_nicotinate_metabolism	0	0.0000
biocarta_her2_pathway	0	8.4819
reactome_formation_of_lateral_plate_mesoderm	0	0.0000
reactome_hemostasis	0	0.0000
biocarta_prc2_pathway	0	0.0000
biocarta_edg1_pathway	0	3.1808
reactome_extension_of_telomeres	0	0.0000
reactome_interleukin_9_signaling	0	0.0000
reactome_rho_gtpases_activate_formins	0	0.0000
reactome_bile_acid_and_bile_salt_metabolism	0	0.0000
reactome_synthesis_of_lipoxins_lx	0	0.0000
reactome_transport_of_bile_salts_and_organic_acids_metal_ions_and_amine_compounds	0	0.0000
wp_folate_metabolism	0	0.0000
wp_glycosphingolipid_metabolism	0	0.0000
reactome_protein_folding	0	0.0000
wp_t_cell_receptor_and_costimulatory_signaling	0	0.0000
wp_benzoapyrene_metabolism	0	0.0000
reactome_runx1_regulates_transcription_of_genes_involved_in_wnt_signaling	0	0.0000
wp_il9_signaling_pathway	0	5.6306
biocarta_rankl_pathway	0	0.0000
pid_il8_cxcr2_pathway	0	0.0000
reactome_sumoylation_of_dna_methylation_proteins	0	0.0000
reactome_tetrahydrobiopterin_bh4_synthesis_recycling_salvage_and_regulation	0	0.0000
reactome_trp_channels	0	0.0000
reactome_neurotransmitter_release_cycle	0	0.0000
wp_hedgehog_signaling_pathway_wp47	0	1.0991
biocarta_dream_pathway	0	0.0000
wp_wnt_signaling_pathway	0	1.9727
pid_hedgehog_2pathway	0	0.0000
reactome_metabolism_of_polyamines	0	0.0000
reactome_eukaryotic_translation_initiation	0	0.0000
reactome_negative_regulation_of_fgfr1_signaling	0	0.4227
wp_signal_transduction_through_il1r	0	0.0000
reactome_diseases_associated_with_glycosaminoglycan_metabolism	0	0.0000
biocarta_raccycd_pathway	0	13.6763
biocarta_integrin_pathway	0	0.9172
reactome_hdl_remodeling	0	0.0000
reactome_activation_of_c3_and_c5	0	0.0000
reactome_fructose_metabolism	0	0.0000
reactome_mrna_splicing	0	0.0000
reactome_intracellular_signaling_by_second_messengers	0	2.2588
reactome_pcp_ce_pathway	0	0.3766
wp_nucleotide_excision_repair_in_xeroderma_pigmentosum	0	0.0000
reactome_rap1_signalling	0	0.0000
reactome_yap1_and_wwtr1_taz_stimulated_gene_expression	0	0.0000
wp_mirna_role_in_immune_response_in_sepsis	0	0.0000
reactome_calcineurin_activates_nfat	0	0.0000
reactome_met_activates_ras_signaling	0	3.3750
pid_a6b1_a6b4_integrin_pathway	0	2.7035
reactome_acyl_chain_remodelling_of_ps	0	0.0000
reactome_kinesins	0	0.0000
reactome_signaling_by_notch3	0	0.0000
wp_photodynamic_therapyinduced_ap1_survival_signaling	0	0.0000
reactome_amine_ligand_binding_receptors	0	0.0000
reactome_regulation_of_innate_immune_responses_to_cytosolic_dna	0	0.0000
reactome_host_interactions_of_hiv_factors	0	0.0000
reactome_g_protein_activation	0	0.0000
wp_regulation_of_actin_cytoskeleton	0	10.0171
reactome_sumoylation	0	0.0000
reactome_downregulation_of_erbb2_signaling	0	0.0000
wp_acquired_partial_lipodystrophy_barraquersimons_syndrome	0	0.0000
reactome_drug_mediated_inhibition_of_cdk4_cdk6_activity	0	0.0000
reactome_defective_galnt3_causes_hftc	0	0.0000
wp_biogenic_amine_synthesis	0	0.0000
reactome_multifunctional_anion_exchangers	0	0.0000
pid_s1p_meta_pathway	0	0.0000
pid_lpa4_pathway	0	0.0000
reactome_downstream_signaling_of_activated_fgfr2	0	1.4352
reactome_negative_regulation_of_met_activity	0	0.0000
pid_epo_pathway	0	0.2705
reactome_o_linked_glycosylation	0	0.0000
reactome_positive_epigenetic_regulation_of_rrna_expression	0	0.0000
reactome_retrograde_neurotrophin_signalling	0	0.0000
reactome_rho_gtpases_activate_wasps_and_waves	0	0.0000
reactome_scf_beta_trcp_mediated_degradation_of_emi1	0	0.0000
reactome_slbp_dependent_processing_of_replication_dependent_histone_pre_mrnas	0	0.0000
biocarta_cbl_pathway	0	0.7599
reactome_vldl_clearance	0	0.0000
reactome_creb1_phosphorylation_through_the_activation_of_camkii_camkk_camkiv_cascasde	0	0.0000
reactome_phase_1_inactivation_of_fast_na_channels	0	0.0000
reactome_glutathione_conjugation	0	0.0000
reactome_auf1_hnrnp_d0_binds_and_destabilizes_mrna	0	0.0000
wp_disorders_of_fructose_metabolism	0	0.0000
reactome_regulation_of_kit_signaling	0	0.0000
wp_effect_of_progerin_on_genes_involved_in_hutchinsongilford_progeria_syndrome	0	0.0000
reactome_perk_regulates_gene_expression	0	0.0000
wp_insulin_signaling	0	7.1201
wp_mitochondrial_complex_iv_assembly	0	0.0000
wp_overview_of_interferonsmediated_signaling_pathway	0	0.0000
wp_prostaglandin_signaling	0	0.0000
pid_myc_activ_pathway	0	0.0000
reactome_mecp2_regulates_transcription_of_neuronal_ligands	0	0.0000
pid_atm_pathway	0	0.0000
wp_phosphodiesterases_in_neuronal_function	0	0.0000
reactome_alpha_defensins	0	0.0000
reactome_copi_dependent_golgi_to_er_retrograde_traffic	0	0.0000
reactome_glycogen_breakdown_glycogenolysis	0	0.0000
reactome_reproduction	0	0.0000
reactome_transport_of_organic_anions	0	0.0000
pid_fanconi_pathway	0	0.0000
reactome_killing_mechanisms	0	0.0000
wp_angiogenesis	0	0.0000
biocarta_bbcell_pathway	0	0.0000
reactome_negative_regulation_of_fgfr2_signaling	0	1.1206
reactome_abc_transporters_in_lipid_homeostasis	0	0.0000
reactome_pi_3k_cascade_fgfr3	0	0.5007
reactome_caspase_activation_via_extrinsic_apoptotic_signalling_pathway	0	0.0000
wp_overview_of_proinflammatory_and_profibrotic_mediators	0	0.0000
wp_prion_disease_pathway	0	0.0000
wp_triacylglyceride_synthesis	0	0.0000
reactome_bicarbonate_transporters	0	0.0000
pid_erbb1_downstream_pathway	0	9.0137
pid_integrin2_pathway	0	0.0000
reactome_keap1_nfe2l2_pathway	0	0.0000
reactome_recognition_of_dna_damage_by_pcna_containing_replication_complex	0	0.0000
wp_ncrnas_involved_in_wnt_signaling_in_hepatocellular_carcinoma	1	1.7143
reactome_drug_adme	0	0.0000
wp_small_ligand_gpcrs	0	0.0000
reactome_mrna_capping	0	0.0000
biocarta_msp_pathway	0	0.0000
reactome_mitochondrial_fatty_acid_beta_oxidation	0	0.0000
wp_mitochondrial_complex_iii_assembly	0	0.0000
wp_parkinubiquitin_proteasomal_system_pathway	0	0.0000
wp_nad_metabolism	0	0.0000
wnt_signaling	0	1.7328
biocarta_nfkb_pathway	0	0.0000
pid_p75_ntr_pathway	0	1.9232
reactome_acyl_chain_remodelling_of_pi	0	0.0000
reactome_mastl_facilitates_mitotic_progression	0	0.0000
wp_p53_transcriptional_gene_network	0	0.0000
wp_sarscov2_b117_variant_antagonises_innate_immune_activation	0	0.0000
reactome_fanconi_anemia_pathway	0	0.0000
biocarta_plateletapp_pathway	0	0.0000
reactome_golgi_to_er_retrograde_transport	0	0.0000
reactome_platelet_homeostasis	0	0.0000
biocarta_mef2d_pathway	0	0.0000
reactome_free_fatty_acids_regulate_insulin_secretion	0	0.0000
pid_e2f_pathway	0	0.0000
pid_myc_pathway	0	0.0000
reactome_ptk6_regulates_cell_cycle	0	0.8146
reactome_rho_gtpase_effectors	0	0.0000
reactome_runx1_and_foxp3_control_the_development_of_regulatory_t_lymphocytes_tregs	0	0.0000
reactome_synthesis_of_pips_at_the_plasma_membrane	0	0.0000
wp_cardiac_hypertrophic_response	0	4.1276
wp_primary_focal_segmental_glomerulosclerosis_fsgs	0	0.0000
reactome_mitotic_spindle_checkpoint	0	0.0000
biocarta_efp_pathway	0	0.0000
reactome_stat5_activation_downstream_of_flt3_itd_mutants	0	1.7912
wp_bladder_cancer	1	18.7654
pid_hiv_nef_pathway	0	0.4695
wp_clockcontrolled_autophagy_in_bone_metabolism	0	0.0000
pid_ap1_pathway	0	0.0000
reactome_tie2_signaling	0	4.8253
wp_autosomal_recessive_osteopetrosis_pathways	0	0.0000
biocarta_barrestin_pathway	0	0.0000
reactome_rna_polymerase_i_promoter_escape	0	0.0000
reactome_translation_of_sars_cov_2_structural_proteins	0	0.0000
reactome_mitotic_prophase	0	0.0000
wp_4hydroxytamoxifen_dexamethasone_and_retinoic_acids_regulation_of_p27_expression	0	1.1703
biocarta_ccr3_pathway	0	0.4695
reactome_aspartate_and_asparagine_metabolism	0	0.0000
biocarta_d4gdi_pathway	0	0.0000
reactome_hsf1_activation	0	0.0000
reactome_mecp2_regulates_neuronal_receptors_and_channels	0	0.0000
pid_cxcr3_pathway	0	9.6248
wp_neuroinflammation	0	0.0000
reactome_nef_mediated_downregulation_of_mhc_class_i_complex_cell_surface_expression	0	0.0000
reactome_aberrant_regulation_of_mitotic_g1_s_transition_in_cancer_due_to_rb1_defects	1	10.3268
reactome_negative_epigenetic_regulation_of_rrna_expression	0	0.0000
pid_erb_genomic_pathway	0	0.0000
pid_ajdiss_2pathway	0	0.0000
reactome_creatine_metabolism	0	0.0000
reactome_cell_junction_organization	0	0.0000
reactome_traf6_mediated_nf_kb_activation	0	0.0000
reactome_sumoylation_of_dna_damage_response_and_repair_proteins	0	0.0000
reactome_formation_of_atp_by_chemiosmotic_coupling	0	0.0000
reactome_vasopressin_regulates_renal_water_homeostasis_via_aquaporins	0	0.0000
biocarta_dc_pathway	0	0.0000
reactome_amino_acid_transport_across_the_plasma_membrane	0	0.0000
reactome_downregulation_of_erbb2_erbb3_signaling	0	0.0000
reactome_epigenetic_regulation_of_gene_expression	0	0.0000
reactome_rho_gtpases_activate_rhotekin_and_rhophilins	0	0.0000
pid_thrombin_par1_pathway	0	0.0000
wp_cholesterol_biosynthesis_pathway	0	0.0000
reactome_abc_transporter_disorders	0	0.0000
wp_id_signaling_pathway	0	0.0000
wp_proximal_tubule_transport	0	0.0000
wp_urea_cycle_and_metabolism_of_amino_groups	0	0.0000
pid_plk1_pathway	0	0.0000
reactome_tnfr1_induced_proapoptotic_signaling	0	0.0000
wp_inclusion_body_myositis	0	0.0000
reactome_apc_cdc20_mediated_degradation_of_nek2a	0	0.0000
reactome_uch_proteinases	0	0.0000
reactome_basigin_interactions	0	0.0000
reactome_pkmts_methylate_histone_lysines	0	0.0000
reactome_assembly_of_collagen_fibrils_and_other_multimeric_structures	0	0.0000
reactome_regulation_of_tp53_activity_through_association_with_co_factors	0	0.0000
reactome_glutathione_synthesis_and_recycling	0	0.0000
wp_tcell_receptor_signaling_pathway	0	2.9612
reactome_vitamin_d_calciferol_metabolism	0	0.0000
reactome_diseases_of_metabolism	0	0.0000
biocarta_nos1_pathway	0	0.0000
wp_glycerolipids_and_glycerophospholipids	0	0.0000
reactome_nuclear_events_kinase_and_transcription_factor_activation	0	0.0000
reactome_clathrin_mediated_endocytosis	0	0.0000
reactome_activation_of_nima_kinases_nek9_nek6_nek7	0	0.0000
pid_fcer1_pathway	0	4.6674
pid_wnt_noncanonical_pathway	0	0.0000
reactome_factors_involved_in_megakaryocyte_development_and_platelet_production	0	0.0000
reactome_highly_calcium_permeable_nicotinic_acetylcholine_receptors	0	0.0000
reactome_signaling_by_the_b_cell_receptor_bcr	0	0.0000
reactome_synthesis_of_ip3_and_ip4_in_the_cytosol	0	0.0000
reactome_calnexin_calreticulin_cycle	0	0.0000
wp_alanine_and_aspartate_metabolism	0	0.0000
pid_bard1_pathway	0	0.0000
wp_complement_system	0	0.0000
reactome_nuclear_events_mediated_by_nfe2l2	0	0.0000
biocarta_blymphocyte_pathway	0	0.0000
reactome_digestion_of_dietary_lipid	0	0.0000
reactome_metallothioneins_bind_metals	0	0.0000
reactome_rip_mediated_nfkb_activation_via_zbp1	0	0.0000
wp_retinoblastoma_gene_in_cancer	1	0.0000
pid_avb3_integrin_pathway	0	0.0000
pid_integrin5_pathway	0	0.0000
reactome_activation_of_bh3_only_proteins	0	0.0000
pid_p38_alpha_beta_pathway	0	0.0000
reactome_defects_in_cobalamin_b12_metabolism	0	0.0000
reactome_ikk_complex_recruitment_mediated_by_rip1	0	0.0000
reactome_nuclear_pore_complex_npc_disassembly	0	0.0000
reactome_wnt5a_dependent_internalization_of_fzd4	0	0.0000
reactome_shc_related_events_triggered_by_igf1r	0	4.1644
reactome_g_beta_gamma_signalling_through_pi3kgamma	0	0.0000
reactome_platelet_sensitization_by_ldl	0	0.0000
wp_exerciseinduced_circadian_regulation	0	0.0000
reactome_cellular_response_to_starvation	0	0.0000
reactome_regulation_of_commissural_axon_pathfinding_by_slit_and_robo	0	0.0000
wp_tumor_suppressor_activity_of_smarcb1	0	0.0000
reactome_hs_gag_biosynthesis	0	0.0000
reactome_hsf1_dependent_transactivation	0	0.0000
wp_liver_x_receptor_pathway	0	0.0000
reactome_smad2_smad3_smad4_heterotrimer_regulates_transcription	0	0.0000
biocarta_mrp_pathway	0	0.0000
biocarta_myosin_pathway	0	0.0000
reactome_metabolism_of_angiotensinogen_to_angiotensins	0	0.0000
reactome_rac3_gtpase_cycle	0	0.0000
reactome_passive_transport_by_aquaporins	0	0.0000
pid_reg_gr_pathway	0	0.0000
wp_mirna_regulation_of_dna_damage_response	0	0.0000
pid_lysophospholipid_pathway	0	0.0000
biocarta_pdgf_pathway	0	9.1708
biocarta_hcmv_pathway	0	8.9201
reactome_initiation_of_nuclear_envelope_ne_reformation	0	0.0000
biocarta_il5_pathway	0	0.0000
reactome_synthesis_of_epoxy_eet_and_dihydroxyeicosatrienoic_acids_dhet	0	0.0000
wp_osteoclast_signaling	0	0.0000
reactome_activation_of_rac1	0	0.8931
reactome_defective_factor_viii_causes_hemophilia_a	0	0.0000
wp_hepatitis_c_and_hepatocellular_carcinoma	1	5.2279
reactome_sumoylation_of_immune_response_proteins	0	0.0000
reactome_erythropoietin_activates_phospholipase_c_gamma_plcg	0	0.0000
reactome_sensory_processing_of_sound_by_outer_hair_cells_of_the_cochlea	0	0.0000
reactome_zbp1_dai_mediated_induction_of_type_i_ifns	0	0.0000
reactome_integration_of_provirus	0	0.0000
reactome_interleukin_receptor_shc_signaling	0	4.0455
reactome_post_transcriptional_silencing_by_small_rnas	0	0.0000
reactome_platelet_activation_signaling_and_aggregation	0	0.7123
reactome_cardiac_conduction	0	0.0000
reactome_viral_messenger_rna_synthesis	0	0.0000
reactome_rna_polymerase_iii_transcription	0	0.0000
pid_ranbp2_pathway	0	0.0000
wp_cerebral_organic_acidurias_including_diseases	0	0.0000
reactome_neurexins_and_neuroligins	0	0.0000
wp_mirna_targets_in_ecm_and_membrane_receptors	0	0.0000
reactome_homology_directed_repair	0	0.0000
reactome_antigen_presentation_folding_assembly_and_peptide_loading_of_class_i_mhc	0	0.0000
wp_wnt_signaling_in_kidney_disease	0	1.8767
reactome_nr1h2_nr1h3_regulate_gene_expression_to_control_bile_acid_homeostasis	0	0.0000
reactome_activated_ntrk2_signals_through_frs2_and_frs3	0	2.5959
reactome_reelin_signalling_pathway	0	0.0000
reactome_metabolism_of_carbohydrates	0	0.0000
reactome_glucagon_type_ligand_receptors	0	0.0000
wp_amplification_and_expansion_of_oncogenic_pathways_as_metastatic_traits	0	0.0000
wp_hepatocyte_growth_factor_receptor_signaling	0	4.6674
reactome_hiv_elongation_arrest_and_recovery	0	0.0000
reactome_wax_and_plasmalogen_biosynthesis	0	0.0000
reactome_signaling_by_notch1_pest_domain_mutants_in_cancer	1	0.0000
wp_monoamine_gpcrs	0	0.0000
wp_tca_cycle_aka_krebs_or_citric_acid_cycle	0	0.0000
reactome_role_of_lat2_ntal_lab_on_calcium_mobilization	0	0.0000
reactome_hedgehog_off_state	0	0.0000
wp_il17_signaling_pathway	0	1.5074
wp_serotonin_htr1_group_and_fos_pathway	0	0.0000
wp_nitric_oxide_metabolism_in_cystic_fibrosis	0	0.0000
reactome_rnd1_gtpase_cycle	0	0.0000
wp_ace_inhibitor_pathway	0	0.0000
reactome_rnd3_gtpase_cycle	0	0.0000
pid_p38_mk2_pathway	0	0.0000
reactome_signal_transduction_by_l1	0	0.0000
reactome_synthesis_of_pe	0	0.0000
wp_arsenic_metabolism_and_reactive_oxygen_species_generation	0	0.0000
wp_nonalcoholic_fatty_liver_disease	0	0.0000
biocarta_classic_pathway	0	0.0000
reactome_nuclear_receptor_transcription_pathway	0	0.0000
wp_covid19_and_endothelial_cell_senescence	0	0.0000
wp_g_protein_signaling_pathways	0	0.0000
reactome_digestion_and_absorption	0	0.0000
reactome_diseases_associated_with_o_glycosylation_of_proteins	0	0.0000
reactome_lysosome_vesicle_biogenesis	0	0.0000
wp_neovascularisation_processes	0	2.1749
pid_ptp1b_pathway	0	0.0000
reactome_thromboxane_signalling_through_tp_receptor	0	0.0000
wp_hippomerlin_signaling_dysregulation	0	0.0000
reactome_spry_regulation_of_fgf_signaling	0	0.0000
reactome_incretin_synthesis_secretion_and_inactivation	0	0.0000
pid_tcr_pathway	0	0.0000
reactome_late_sars_cov_2_infection_events	0	0.0000
reactome_cyclin_d_associated_events_in_g1	0	0.6191
reactome_defective_chst14_causes_eds_musculocontractural_type	0	0.0000
biocarta_caspase_pathway	0	0.0000
reactome_thrombin_signalling_through_proteinase_activated_receptors_pars	0	0.0000
reactome_zinc_influx_into_cells_by_the_slc39_gene_family	0	0.0000
reactome_notch3_intracellular_domain_regulates_transcription	0	0.0000
reactome_notch3_activation_and_transmission_of_signal_to_the_nucleus	0	0.0000
wp_2q13_copy_number_variation_syndrome	0	0.0000
wp_notch_signaling	0	0.0000
wp_perturbations_to_hostcell_autophagy_induced_by_sarscov2_proteins	0	0.0000
reactome_signaling_by_alk	0	0.0000
biocarta_nfat_pathway	0	0.4738
wp_quercetin_and_nfkb_ap1_induced_apoptosis	0	0.0000
reactome_hdms_demethylate_histones	0	0.0000
reactome_cell_cycle	0	0.0000
reactome_metabolism_of_folate_and_pterines	0	0.0000
reactome_runx3_regulates_cdkn1a_transcription	0	1.0113
sa_b_cell_receptor_complexes	0	0.0000
reactome_interleukin_1_family_signaling	0	0.0000
biocarta_pgc1a_pathway	0	0.0000
reactome_chylomicron_clearance	0	0.0000
reactome_collagen_biosynthesis_and_modifying_enzymes	0	0.0000
reactome_developmental_biology	0	0.0000
reactome_export_of_viral_ribonucleoproteins_from_nucleus	0	0.0000
reactome_sema4d_mediated_inhibition_of_cell_attachment_and_migration	0	0.0000
reactome_formation_of_senescence_associated_heterochromatin_foci_sahf	0	0.0000
reactome_semaphorin_interactions	0	0.0000
reactome_transcriptional_activity_of_smad2_smad3_smad4_heterotrimer	0	0.0000
reactome_synthesis_secretion_and_inactivation_of_glucagon_like_peptide_1_glp_1	0	0.0000
wp_cells_and_molecules_involved_in_local_acute_inflammatory_response	0	0.0000
wp_estrogen_metabolism_wp697	0	0.0000
wp_leucine_isoleucine_and_valine_metabolism	0	0.0000
wp_mirna_regulation_of_prostate_cancer_signaling_pathways	1	17.5385
reactome_chylomicron_remodeling	0	0.0000
wp_rac1pak1p38mmp2_pathway	0	8.9433
biocarta_epo_pathway	0	2.8422
reactome_hiv_infection	0	0.0000
reactome_interleukin_12_signaling	0	0.0000
reactome_modulation_by_mtb_of_host_immune_system	0	0.0000
reactome_pre_notch_expression_and_processing	0	0.0000
wp_vasopressinregulated_water_reabsorption	0	0.0000
reactome_interferon_alpha_beta_signaling	0	0.0000
reactome_processing_of_capped_intronless_pre_mrna	0	0.0000
reactome_processive_synthesis_on_the_c_strand_of_the_telomere	0	0.0000
reactome_activation_of_puma_and_translocation_to_mitochondria	0	0.0000
reactome_muscarinic_acetylcholine_receptors	0	0.0000
reactome_sars_cov_2_activates_modulates_innate_and_adaptive_immune_responses	0	0.0000
reactome_ub_specific_processing_proteases	0	0.0000
wp_cannabinoid_receptor_signaling	0	0.0000
wp_eda_signaling_in_hair_follicle_development	0	0.0000
reactome_g2_m_checkpoints	0	0.0000
reactome_inwardly_rectifying_k_channels	0	0.0000
reactome_ldl_clearance	0	0.0000
wp_g1_to_s_cell_cycle_control	0	1.3687
reactome_homologous_dna_pairing_and_strand_exchange	0	0.0000
wp_integrinmediated_cell_adhesion	0	1.3802
wp_bdnftrkb_signaling	0	5.4944
wp_somatroph_axis_gh_and_its_relationship_to_dietary_restriction_and_aging	0	2.4453
biocarta_il17_pathway	0	0.0000
reactome_g_alpha_12_13_signalling_events	0	0.0000
reactome_cellular_responses_to_stimuli	0	0.0000
reactome_terminal_pathway_of_complement	0	0.0000
reactome_rhoq_gtpase_cycle	0	0.0000
wp_differentiation_of_white_and_brown_adipocyte	0	0.0000
wp_dna_irdamage_and_cellular_response_via_atr	0	0.0000
biocarta_granulocytes_pathway	0	0.0000
reactome_interleukin_35_signalling	0	0.0000
reactome_the_phototransduction_cascade	0	0.0000
reactome_phase_0_rapid_depolarisation	0	0.0000
biocarta_ck1_pathway	0	0.0000
biocarta_alternative_pathway	0	0.0000
biocarta_p35alzheimers_pathway	0	0.0000
reactome_dna_replication	0	0.0000
biocarta_slrp_pathway	0	0.0000
reactome_acyl_chain_remodelling_of_pg	0	0.0000
reactome_nucleotide_excision_repair	0	0.0000
reactome_regulation_of_gene_expression_in_late_stage_branching_morphogenesis_pancreatic_bud_precursor_cells	0	0.0000
reactome_rora_activates_gene_expression	0	0.0000
reactome_runx1_regulates_transcription_of_genes_involved_in_interleukin_signaling	0	0.0000
reactome_shc_mediated_cascade_fgfr1	0	0.9908
reactome_cell_cycle_mitotic	0	0.0000
reactome_rhoc_gtpase_cycle	0	0.0000
reactome_signaling_by_ntrks	0	0.9468
biocarta_ucalpain_pathway	0	0.0000
pid_erbb2_erbb3_pathway	0	9.5986
reactome_peptide_hormone_metabolism	0	0.0000
reactome_acetylcholine_inhibits_contraction_of_outer_hair_cells	0	0.0000
reactome_glyoxylate_metabolism_and_glycine_degradation	0	0.0000
reactome_rsk_activation	0	0.0000
reactome_iron_uptake_and_transport	0	0.0000
reactome_runx3_regulates_p14_arf	0	0.0000
reactome_synthesis_of_ketone_bodies	0	0.0000
reactome_uptake_and_function_of_anthrax_toxins	0	0.0000
wp_antiviral_and_antiinflammatory_effects_of_nrf2_on_sarscov2_pathway	0	0.0000
biocarta_cftr_pathway	0	0.0000
reactome_peptide_hormone_biosynthesis	0	0.0000
wp_endothelin_pathways	0	0.0000
reactome_ltc4_cysltr_mediated_il4_production	0	0.0000
wp_fatty_acid_betaoxidation	0	0.0000
biocarta_ceramide_pathway	0	1.8678
biocarta_gaba_pathway	0	0.0000
reactome_prevention_of_phagosomal_lysosomal_fusion	0	0.0000
reactome_synthesis_secretion_and_inactivation_of_glucose_dependent_insulinotropic_polypeptide_gip	0	0.0000
pid_foxm1_pathway	0	0.0000
reactome_signaling_by_pdgfr_in_disease	0	6.7959
reactome_tandem_pore_domain_potassium_channels	0	0.0000
reactome_wnt_mediated_activation_of_dvl	0	0.0000
biocarta_chrebp_pathway	0	0.0000
wp_apoptosis_modulation_by_hsp70	0	0.0000
reactome_tyrosine_catabolism	0	0.0000
biocarta_plce_pathway	0	0.0000
reactome_abacavir_transmembrane_transport	0	0.0000
wp_familial_hyperlipidemia_type_4	0	0.0000
wp_hippocampal_synaptogenesis_and_neurogenesis	0	0.0000
reactome_ubiquinol_biosynthesis	0	0.0000
wp_nanoparticle_triggered_regulated_necrosis	0	0.0000
wp_wnt_signaling_pathway_and_pluripotency	0	2.8525
wp_pparalpha_pathway	0	0.0000
biocarta_hbx_pathway	0	0.0000
biocarta_malatex_pathway	0	0.0000
reactome_regulation_of_mrna_stability_by_proteins_that_bind_au_rich_elements	0	0.0000
reactome_p75ntr_signals_via_nf_kb	0	0.0000
reactome_activation_of_trka_receptors	0	0.0000
reactome_eicosanoids	0	0.0000
reactome_formation_of_axial_mesoderm	0	0.0000
wp_initiation_of_transcription_and_translation_elongation_at_the_hiv1_ltr	0	0.0000
wp_malignant_pleural_mesothelioma	0	8.4883
wp_pi3kaktmtor_signaling_pathway_and_therapeutic_opportunities	0	9.6295
reactome_immunoregulatory_interactions_between_a_lymphoid_and_a_non_lymphoid_cell	0	0.0000
wp_riboflavin_and_coq_disorders	0	0.0000
reactome_phosphate_bond_hydrolysis_by_ntpdase_proteins	0	0.0000
reactome_sumo_is_conjugated_to_e1_uba2_sae1	0	0.0000
wp_3q29_copy_number_variation_syndrome	0	0.0000
reactome_deadenylation_of_mrna	0	0.0000
reactome_beta_oxidation_of_decanoyl_coa_to_octanoyl_coa_coa	0	0.0000
reactome_regulation_of_cholesterol_biosynthesis_by_srebp_srebf	0	0.0000
wp_sarscov2_and_ace2_receptor_molecular_mechanisms	0	0.0000
reactome_separation_of_sister_chromatids	0	0.0000
reactome_serotonin_and_melatonin_biosynthesis	0	0.0000
wp_cancer_immunotherapy_by_pd1_blockade	1	0.0000
wp_ltf_danger_signal_response_pathway	0	0.0000
reactome_regulation_of_npas4_mrna_translation	0	0.0000
reactome_b_wich_complex_positively_regulates_rrna_expression	0	0.0000
reactome_gastrin_creb_signalling_pathway_via_pkc_and_mapk	0	5.2583
reactome_signaling_by_flt3_itd_and_tkd_mutants	0	4.9004
biocarta_etc_pathway	0	0.0000
reactome_ercc6_csb_and_ehmt2_g9a_positively_regulate_rrna_expression	0	0.0000
reactome_gdp_fucose_biosynthesis	0	0.0000
pid_integrin_cs_pathway	0	0.0000
reactome_erythropoietin_activates_phosphoinositide_3_kinase_pi3k	0	10.5421
reactome_sars_cov_2_infection	0	0.0000
biocarta_epha4_pathway	0	0.0000
wp_il1_signaling_pathway	0	1.4642
biocarta_insulin_pathway	0	5.4676
biocarta_arap_pathway	0	0.0000
reactome_rna_polymerase_iii_transcription_initiation_from_type_3_promoter	0	0.0000
wp_mrna_protein_and_metabolite_inducation_pathway_by_cyclosporin_a	0	0.0000
reactome_e3_ubiquitin_ligases_ubiquitinate_target_proteins	0	0.0000
wp_physicochemical_features_and_toxicityassociated_pathways	0	3.5879
wp_thiamine_metabolic_pathways	0	0.0000
wp_glycosaminoglycan_degradation	0	0.0000
pid_cdc42_pathway	0	0.0000
wp_biotin_metabolism_including_imds	0	0.0000
reactome_ncam_signaling_for_neurite_out_growth	0	0.0000
reactome_endosomal_sorting_complex_required_for_transport_escrt	0	0.0000
reactome_molecules_associated_with_elastic_fibres	0	0.0000
wp_microtubule_cytoskeleton_regulation	0	0.0000
pid_p73pathway	0	0.0000
reactome_signaling_by_retinoic_acid	0	0.0000
pid_erbb_network_pathway	0	0.0000
reactome_sensory_perception_of_salty_taste	0	0.0000
reactome_suppression_of_apoptosis	0	0.0000
reactome_synthesis_of_pyrophosphates_in_the_cytosol	0	0.0000
reactome_tp53_regulates_transcription_of_dna_repair_genes	0	0.0000
pid_syndecan_4_pathway	0	0.0000
wp_med_and_pseudoachondroplasia_genes	0	0.0000
reactome_other_interleukin_signaling	0	0.0000
wp_modulation_of_pi3kaktmtor_signaling_by_bioactive_sphingolipids	0	0.0000
wp_mesodermal_commitment_pathway	0	0.0000
biocarta_ghrelin_pathway	0	0.0000
reactome_toll_like_receptor_cascades	0	0.0000
reactome_choline_catabolism	0	0.0000
wp_nongenomic_actions_of_125_dihydroxyvitamin_d3	0	0.0000
wp_vitamin_b6dependent_and_responsive_disorders	0	0.0000
reactome_metabolism_of_fat_soluble_vitamins	0	0.0000
reactome_interactions_of_vpr_with_host_cellular_proteins	0	0.0000
reactome_phosphate_bond_hydrolysis_by_nudt_proteins	0	0.0000
reactome_sealing_of_the_nuclear_envelope_ne_by_escrt_iii	0	0.0000
reactome_abortive_elongation_of_hiv_1_transcript_in_the_absence_of_tat	0	0.0000
reactome_gli_proteins_bind_promoters_of_hh_responsive_genes_to_promote_transcription	0	1.2117
biocarta_hdac_pathway	0	0.7917
wp_complement_and_coagulation_cascades	0	0.0000
naba_ecm_glycoproteins	0	0.0000
reactome_p2y_receptors	0	0.0000
reactome_l1cam_interactions	0	0.0000
reactome_regulation_of_runx1_expression_and_activity	0	0.0000
reactome_serotonin_receptors	0	0.0000
reactome_pregnenolone_biosynthesis	0	0.0000
reactome_irak1_recruits_ikk_complex	0	0.0000
wp_chromosomal_and_microsatellite_instability_in_colorectal_cancer	1	13.3626
pid_syndecan_3_pathway	0	0.0000
reactome_metalloprotease_dubs	0	0.0000
wp_metabolism_of_sphingolipids_in_er_and_golgi_apparatus	0	0.0000
reactome_activation_of_caspases_through_apoptosome_mediated_cleavage	0	0.0000
reactome_interleukin_23_signaling	0	0.0000
wp_ras_signaling	0	11.6777
wp_eicosanoid_synthesis	0	0.0000
wp_reninangiotensinaldosterone_system_raas	0	0.0000
reactome_reversible_hydration_of_carbon_dioxide	0	0.0000
wp_eicosanoid_metabolism_via_cytochrome_p450_monooxygenases_pathway	0	0.0000
wp_praderwilli_and_angelman_syndrome	0	0.0000
reactome_paracetamol_adme	0	0.0000
wp_nodlike_receptor_nlr_signaling_pathway	0	0.0000
reactome_heparan_sulfate_heparin_hs_gag_metabolism	0	0.0000
reactome_nf_kb_is_activated_and_signals_survival	0	0.0000
reactome_gene_silencing_by_rna	0	0.0000
biocarta_leptin_pathway	0	0.0000
wp_cholestasis	0	0.0000
pid_pi3kci_pathway	0	8.7246
reactome_synthesis_of_dolichyl_phosphate	0	0.0000
reactome_g1_s_specific_transcription	0	0.0000
reactome_activation_of_noxa_and_translocation_to_mitochondria	0	0.0000
reactome_cell_death_signalling_via_nrage_nrif_and_nade	0	0.0000
reactome_sema4d_induced_cell_migration_and_growth_cone_collapse	0	0.0000
reactome_collagen_formation	0	0.0000
reactome_vldlr_internalisation_and_degradation	0	0.0000
reactome_mitochondrial_fatty_acid_beta_oxidation_of_saturated_fatty_acids	0	0.0000
reactome_inhibition_of_dna_recombination_at_telomere	0	0.0000
reactome_interleukin_3_interleukin_5_and_gm_csf_signaling	0	0.9653
reactome_potassium_channels	0	0.0000
wp_constitutive_androstane_receptor_pathway	0	0.0000
wp_familial_partial_lipodystrophy	0	0.0000
wp_thyroid_hormones_production_and_peripheral_downstream_signaling_effects	0	0.0000
reactome_dna_replication_initiation	0	0.0000
naba_matrisome_associated	0	0.0000
reactome_fgfr2c_ligand_binding_and_activation	0	1.5214
reactome_nrif_signals_cell_death_from_the_nucleus	0	0.0000
reactome_signaling_by_fgfr1_in_disease	0	2.4978
reactome_telomere_c_strand_lagging_strand_synthesis	0	0.0000
reactome_transcriptional_activation_of_mitochondrial_biogenesis	0	0.0000
reactome_vegf_ligand_receptor_interactions	0	4.1406
wp_chronic_hyperglycemia_impairment_of_neuron_function	0	0.0000
reactome_sodium_calcium_exchangers	0	0.0000
reactome_recycling_of_eif2_gdp	0	0.0000
wp_nuclear_receptors_metapathway	0	0.0000
pid_trail_pathway	0	8.0766
reactome_sumoylation_of_sumoylation_proteins	0	0.0000
reactome_formation_of_incision_complex_in_gg_ner	0	0.0000
wp_oxidative_damage_response	0	0.0000
reactome_post_translational_modification_synthesis_of_gpi_anchored_proteins	0	0.0000
reactome_signaling_by_flt3_fusion_proteins	0	3.4469
reactome_runx3_regulates_immune_response_and_cell_migration	0	0.0000
reactome_synthesis_of_prostaglandins_pg_and_thromboxanes_tx	0	0.0000
biocarta_dsp_pathway	0	0.0000
reactome_activation_of_irf3_irf7_mediated_by_tbk1_ikk_epsilon	0	0.0000
wp_myometrial_relaxation_and_contraction_pathways	0	0.0000
biocarta_il1r_pathway	0	0.0000
reactome_diseases_of_mitotic_cell_cycle	0	0.6549
reactome_recycling_pathway_of_l1	0	0.0000
wp_mitochondrial_complex_i_assembly_model_oxphos_system	0	0.0000
wp_covid19_thrombosis_and_anticoagulation	0	0.0000
wp_hemesynthesis_defects_and_porphyrias	0	0.0000
reactome_signaling_by_erbb2	0	2.2688
wp_immune_infiltration_in_pancreatic_cancer	1	0.0000
pid_nectin_pathway	0	0.0000
reactome_synthesis_of_ip2_ip_and_ins_in_the_cytosol	0	0.0000
reactome_tristetraprolin_ttp_zfp36_binds_and_destabilizes_mrna	0	0.0000
wp_2q112_copy_number_variation_syndrome	0	0.0000
wp_overview_of_nanoparticle_effects	0	1.8387
pid_insulin_glucose_pathway	0	0.0000
biocarta_igf1_pathway	0	6.6921
reactome_ros_and_rns_production_in_phagocytes	0	0.0000
reactome_transmission_across_chemical_synapses	0	0.0000
wp_disorders_of_galactose_metabolism	0	0.0000
reactome_cyclin_a_b1_b2_associated_events_during_g2_m_transition	0	0.0000
biocarta_il3_pathway	0	2.9725
sig_il4receptor_in_b_lyphocytes	0	8.5447
reactome_rhobtb1_gtpase_cycle	0	0.0000
wp_dna_replication	0	0.0000
biocarta_hes_pathway	0	0.0000
pid_ecadherin_stabilization_pathway	0	0.0000
wp_hostpathogen_interaction_of_human_coronaviruses_interferon_induction	0	0.0000
wp_hypothesized_pathways_in_pathogenesis_of_cardiovascular_disease	0	0.9234
reactome_regulation_of_cytoskeletal_remodeling_and_cell_spreading_by_ipp_complex_components	0	0.0000
wp_pkcgamma_calcium_signaling_pathway_in_ataxia	0	0.0000
reactome_antimicrobial_peptides	0	0.0000
reactome_neddylation	0	0.0000
reactome_antigen_processing_cross_presentation	0	0.0000
reactome_activation_of_bad_and_translocation_to_mitochondria	0	0.0000
reactome_acyl_chain_remodelling_of_pe	0	0.0000
reactome_azathioprine_adme	0	0.0000
reactome_dex_h_box_helicases_activate_type_i_ifn_and_inflammatory_cytokines_production	0	0.0000
biocarta_cdk5_pathway	0	5.0297
reactome_regulation_of_nf_kappa_b_signaling	0	0.0000
biocarta_rac1_pathway	0	0.0000
wp_camkk2_pathway	0	0.0000
reactome_fgfr2_mutant_receptor_activation	0	0.4781
reactome_abc_family_proteins_mediated_transport	0	0.0000
reactome_amino_acid_conjugation	0	0.0000
reactome_common_pathway_of_fibrin_clot_formation	0	0.0000
reactome_meiotic_synapsis	0	0.0000
reactome_laminin_interactions	0	1.8545
reactome_ire1alpha_activates_chaperones	0	0.0000
reactome_assembly_of_the_orc_complex_at_the_origin_of_replication	0	0.0000
reactome_robo_receptors_bind_akap5	0	0.0000
reactome_signaling_by_erbb2_ecd_mutants	0	6.9485
reactome_trafficking_of_myristoylated_proteins_to_the_cilium	0	0.0000
pid_prl_signaling_events_pathway	0	0.0000
reactome_cross_presentation_of_particulate_exogenous_antigens_phagosomes	0	0.0000
reactome_beta_oxidation_of_butanoyl_coa_to_acetyl_coa	0	0.0000
reactome_defective_st3gal3_causes_mct12_and_eiee15	0	0.0000
reactome_mitotic_prometaphase	0	0.0000
sa_caspase_cascade	0	0.0000
wp_hippo_signaling_regulation_pathways	0	0.0000
reactome_cohesin_loading_onto_chromatin	0	0.0000
wp_somitogenesis_in_the_context_of_spondylocostal_dysostosis	0	0.0000
biocarta_hswi_snf_pathway	0	0.0000
wp_sphingolipid_pathway	0	0.0000
biocarta_atrbrca_pathway	0	0.0000
wp_translation_factors	0	0.0000
biocarta_lectin_pathway	0	0.0000
pid_ps1_pathway	0	0.0000
reactome_signaling_by_tgf_beta_receptor_complex_in_cancer	1	2.9633
wp_nephrotic_syndrome	0	0.0000
reactome_signaling_by_lrp5_mutants	0	0.0000
wp_alzheimers_disease_and_mirna_effects	0	3.3817
biocarta_g2_pathway	0	0.0000
biocarta_vitcb_pathway	0	0.0000
biocarta_trka_pathway	0	2.6355
reactome_activated_ntrk2_signals_through_fyn	0	0.0000
reactome_platelet_aggregation_plug_formation	0	0.0000
reactome_mitophagy	0	0.0000
reactome_signaling_by_fgfr2_iiia_tm	0	0.0000
pid_vegfr1_2_pathway	0	1.7934
reactome_grb7_events_in_erbb2_signaling	0	0.0000
reactome_signaling_by_met	0	1.1368
reactome_shc1_events_in_erbb2_signaling	0	1.7337
reactome_stat5_activation	0	1.4801
reactome_transport_of_mature_mrnas_derived_from_intronless_transcripts	0	0.0000
wp_endoderm_differentiation	0	0.0000
reactome_peroxisomal_lipid_metabolism	0	0.0000
reactome_rna_polymerase_iii_chain_elongation	0	0.0000
wp_nad_metabolism_in_oncogeneinduced_senescence_and_mitochondrial_dysfunctionassociated_senescence	0	0.0000
wp_statin_inhibition_of_cholesterol_production	0	0.0000
reactome_regulation_of_gene_expression_in_beta_cells	0	0.0000
wp_let7_inhibition_of_es_cell_reprogramming	0	0.0000
wp_tamoxifen_metabolism	0	0.0000
reactome_p38mapk_events	0	0.0000
reactome_beta_oxidation_of_lauroyl_coa_to_decanoyl_coa_coa	0	0.0000
reactome_copi_mediated_anterograde_transport	0	0.0000
reactome_ion_channel_transport	0	0.0000
reactome_tp53_regulates_transcription_of_several_additional_cell_death_genes_whose_specific_roles_in_p53_dependent_apoptosis_remain_uncertain	0	0.0000
reactome_pexophagy	0	0.0000
reactome_nucleotide_biosynthesis	0	0.0000
reactome_transcriptional_regulation_by_ventx	0	0.0000
biocarta_il2rb_pathway	0	7.4012
biocarta_nkcells_pathway	0	0.0000
reactome_endosomal_vacuolar_pathway	0	0.0000
pid_alpha_synuclein_pathway	0	0.0000
biocarta_tob1_pathway	0	0.7401
reactome_nr1h3_nr1h2_regulate_gene_expression_linked_to_cholesterol_transport_and_efflux	0	0.0000
reactome_signaling_by_activin	0	0.0000
reactome_class_a_1_rhodopsin_like_receptors	0	0.0000
wp_7oxoc_and_7betahc_pathways	0	0.0000
wp_dual_hijack_model_of_vif_in_hiv_infection	0	0.0000
wp_foxa2_pathway	0	0.0000
wp_interleukin1_induced_activation_of_nfkb	0	0.0000
biocarta_tcapoptosis_pathway	0	0.0000
reactome_glutamate_neurotransmitter_release_cycle	0	0.0000
reactome_retinoid_cycle_disease_events	0	0.0000
reactome_syndecan_interactions	0	0.0000
reactome_cgmp_effects	0	0.0000
pid_p38_gamma_delta_pathway	0	0.0000
reactome_cargo_concentration_in_the_er	0	0.0000
reactome_piwi_interacting_rna_pirna_biogenesis	0	0.0000
pid_igf1_pathway	0	3.9499
reactome_cytosolic_sulfonation_of_small_molecules	0	0.0000
reactome_rrna_modification_in_the_nucleus_and_cytosol	0	0.0000
biocarta_il4_pathway	0	0.0000
reactome_runx3_regulates_notch_signaling	0	0.0000
wp_sarscov2_replication_organelle_formation	0	0.0000
sa_g2_and_m_phases	0	0.0000
wp_gastrin_signaling_pathway	0	10.2057
wp_glycerophospholipid_biosynthetic_pathway	0	0.0000
reactome_activation_of_gene_expression_by_srebf_srebp	0	0.0000
reactome_translation	0	0.0000
reactome_metabolism_of_amine_derived_hormones	0	0.0000
pid_atf2_pathway	0	0.0000
reactome_loss_of_function_of_smad2_3_in_cancer	1	2.8792
reactome_late_endosomal_microautophagy	0	0.0000
reactome_digestion_of_dietary_carbohydrate	0	0.0000
reactome_transcription_of_e2f_targets_under_negative_control_by_dream_complex	0	0.0000
reactome_repression_of_wnt_target_genes	0	3.9323
reactome_zinc_efflux_and_compartmentalization_by_the_slc30_family	0	0.0000
wp_tca_cycle_and_deficiency_of_pyruvate_dehydrogenase_complex_pdhc	0	0.0000
biocarta_ps1_pathway	0	0.9234
wp_integrated_cancer_pathway	1	1.9476
reactome_protein_protein_interactions_at_synapses	0	0.0000
wp_glucose_metabolism_in_triplenegative_breast_cancer_cells	1	0.0000
wp_congenital_generalized_lipodystrophy	0	0.0000
reactome_synthesis_of_dna	0	0.0000
wp_mammary_gland_development_pathway_involution_stage_4_of_4	0	1.3227
reactome_attenuation_phase	0	0.0000
reactome_sumoylation_of_intracellular_receptors	0	0.0000
reactome_ribavirin_adme	0	0.0000
reactome_transcriptional_regulation_of_white_adipocyte_differentiation	0	0.0000
wp_s1p_receptor_signal_transduction	0	0.0000
reactome_purine_ribonucleoside_monophosphate_biosynthesis	0	0.0000
wp_tgfbeta_signaling_pathway	0	3.1181
wp_thymic_stromal_lymphopoietin_tslp_signaling_pathway	0	1.5171
reactome_hedgehog_on_state	0	0.0000
wp_factors_and_pathways_affecting_insulinlike_growth_factor_igf1akt_signaling	0	0.0000
pid_dna_pk_pathway	0	0.0000
reactome_microrna_mirna_biogenesis	0	0.0000
reactome_ngf_stimulated_transcription	0	0.0000
biocarta_eponfkb_pathway	0	0.0000
reactome_organic_anion_transport	0	0.0000
wp_lncrna_in_canonical_wnt_signaling_and_colorectal_cancer	1	1.7143
pid_caspase_pathway	0	0.0000
reactome_collagen_degradation	0	0.0000
reactome_nonsense_mediated_decay_nmd	0	0.0000
wp_angiopoietinlike_protein_8_regulatory_pathway	0	6.8043
pid_il27_pathway	0	0.0000
reactome_selective_autophagy	0	0.0000
reactome_oncogenic_mapk_signaling	0	0.9394
wp_hif1a_and_pparg_regulation_of_glycolysis	0	0.0000
wp_joubert_syndrome	0	0.0000
wp_gene_regulatory_network_modelling_somitogenesis	0	0.0000
reactome_signaling_by_hedgehog	0	0.0000
reactome_netrin_1_signaling	0	0.0000
reactome_regulation_of_insulin_like_growth_factor_igf_transport_and_uptake_by_insulin_like_growth_factor_binding_proteins_igfbps	0	0.0000
reactome_rrna_modification_in_the_mitochondrion	0	0.0000
wp_met_in_type_1_papillary_renal_cell_carcinoma	1	10.2100
reactome_hiv_life_cycle	0	0.0000
reactome_notch_hlh_transcription_pathway	0	0.0000
reactome_interleukin_4_and_interleukin_13_signaling	0	0.0000
biocarta_sam68_pathway	0	0.4571
reactome_post_translational_protein_modification	0	0.0000
reactome_extra_nuclear_estrogen_signaling	0	4.9864
reactome_mitotic_telophase_cytokinesis	0	0.0000
reactome_phospholipase_c_mediated_cascade_fgfr2	0	1.4538
reactome_signaling_by_fgfr1	0	3.9228
reactome_tbc_rabgaps	0	0.0000
reactome_trafficking_of_ampa_receptors	0	0.0000
wp_glycolysis_in_senescence	0	0.0000
wp_eicosanoid_metabolism_via_lipooxygenases_lox	0	0.0000
pid_nfat_3pathway	0	0.0000
reactome_activation_of_atr_in_response_to_replication_stress	0	0.0000
reactome_free_fatty_acid_receptors	0	0.0000
reactome_polb_dependent_long_patch_base_excision_repair	0	0.0000
reactome_signaling_by_egfr	0	0.9058
reactome_signalling_to_p38_via_rit_and_rin	0	0.0000
wp_regulation_of_sister_chromatid_separation_at_the_metaphaseanaphase_transition	0	0.0000
reactome_jnk_c_jun_kinases_phosphorylation_and_activation_mediated_by_activated_human_tak1	0	0.0000
reactome_g_alpha_z_signalling_events	0	0.0000
reactome_rho_gtpases_activate_pkns	0	0.0000
biocarta_hivnef_pathway	0	0.0000
reactome_clec7a_dectin_1_signaling	0	0.0000
reactome_activated_notch1_transmits_signal_to_the_nucleus	0	0.0000
wp_ethanol_metabolism_production_of_ros_by_cyp2e1	0	0.0000
wp_inhibition_of_exosome_biogenesis_and_secretion_by_manumycin_a_in_crpc_cells	0	11.0432
biocarta_shh_pathway	0	0.6401
wp_eicosanoid_metabolism_via_cyclooxygenases_cox	0	0.0000
reactome_activation_of_matrix_metalloproteinases	0	0.0000
reactome_g_beta_gamma_signalling_through_cdc42	0	0.0000
wp_target_of_rapamycin_signaling	0	0.0000
reactome_activated_ntrk2_signals_through_ras	0	3.0531
reactome_anti_inflammatory_response_favouring_leishmania_parasite_infection	0	0.0000
reactome_sos_mediated_signalling	0	6.4815
biocarta_plk3_pathway	0	0.0000
reactome_hcmv_early_events	0	0.0000
wp_pentose_phosphate_metabolism	0	0.0000
pid_era_genomic_pathway	0	0.0000
pid_tcr_calcium_pathway	0	0.0000
reactome_formation_of_rna_pol_ii_elongation_complex	0	0.0000
reactome_pi_metabolism	0	0.0000
reactome_receptor_type_tyrosine_protein_phosphatases	0	0.0000
reactome_formation_of_xylulose_5_phosphate	0	0.0000
wp_hair_follicle_development_organogenesis_part_2_of_3	0	1.4747
wp_nrf2are_regulation	0	0.0000
wp_prostaglandin_and_leukotriene_metabolism_in_senescence	0	0.0000
biocarta_rhodopsin_pathway	0	0.0000
reactome_downstream_signal_transduction	0	7.0931
wp_thyroxine_thyroid_hormone_production	0	0.0000
reactome_met_interacts_with_tns_proteins	0	0.0000
reactome_p130cas_linkage_to_mapk_signaling_for_integrins	0	0.0000
pid_nfat_tfpathway	0	0.0000
reactome_sumoylation_of_chromatin_organization_proteins	0	0.0000
reactome_synthesis_of_pc	0	0.0000
reactome_tp53_regulates_transcription_of_genes_involved_in_cytochrome_c_release	0	0.0000
reactome_activated_pkn1_stimulates_transcription_of_ar_androgen_receptor_regulated_genes_klk2_and_klk3	0	0.0000
wp_mitochondrial_betaoxidation	0	0.0000
reactome_runx2_regulates_chondrocyte_maturation	0	0.0000
reactome_signaling_by_membrane_tethered_fusions_of_pdgfra_or_pdgfrb	0	0.0000
reactome_trna_modification_in_the_nucleus_and_cytosol	0	0.0000
reactome_bbsome_mediated_cargo_targeting_to_cilium	0	0.0000
reactome_signaling_by_hippo	0	0.0000
wp_tp53_network	0	0.0000
reactome_thyroxine_biosynthesis	0	0.0000
wp_tnfalpha_signaling_pathway	0	0.0000
pid_pdgfrb_pathway	0	8.7836
reactome_runx3_regulates_wnt_signaling	0	7.9748
wp_genetic_causes_of_portosinusoidal_vascular_disease	0	0.0000
pid_il6_7_pathway	0	0.0000
reactome_peroxisomal_protein_import	0	0.0000
biocarta_carm_er_pathway	0	0.0000
reactome_cation_coupled_chloride_cotransporters	0	0.0000
reactome_cd28_dependent_vav1_pathway	0	0.7123
reactome_processing_of_capped_intron_containing_pre_mrna	0	0.0000
wp_pi3kakt_signaling_pathway	0	13.2513
reactome_ptk6_regulates_rtks_and_their_effectors_akt1_and_dok1	0	0.0000
wp_sarscov2_mitochondrial_chronic_oxidative_stress_and_endothelial_dysfunction	0	0.0000
wp_cell_differentiation_expanded_index	0	0.0000
wp_tryptophan_metabolism	0	0.0000
reactome_diseases_of_immune_system	0	0.0000
reactome_non_integrin_membrane_ecm_interactions	0	0.7123
biocarta_il22bp_pathway	0	0.0000
reactome_darpp_32_events	0	0.0000
reactome_transport_of_nucleotide_sugars	0	0.0000
wp_micrornas_in_cardiomyocyte_hypertrophy	0	12.9795
wp_molybdenum_cofactor_moco_biosynthesis	0	0.0000
reactome_ra_biosynthesis_pathway	0	0.0000
reactome_olfactory_signaling_pathway	0	0.0000
reactome_notch1_intracellular_domain_regulates_transcription	0	0.0000
wp_cell_cycle	0	0.5201
wp_fatty_acid_biosynthesis	0	0.0000
reactome_creation_of_c4_and_c2_activators	0	0.0000
reactome_ticam1_rip1_mediated_ikk_complex_recruitment	0	0.0000
reactome_synthesis_of_12_eicosatetraenoic_acid_derivatives	0	0.0000
pid_rac1_pathway	0	0.0000
reactome_interactions_of_rev_with_host_cellular_proteins	0	0.0000
biocarta_stathmin_pathway	0	0.0000
pid_atr_pathway	0	0.0000
wp_pathogenic_escherichia_coli_infection	0	0.0000
reactome_regulation_of_glycolysis_by_fructose_2_6_bisphosphate_metabolism	0	0.0000
pid_met_pathway	0	4.9620
reactome_activation_of_nmda_receptors_and_postsynaptic_events	0	0.0000
reactome_rho_gtpases_activate_cit	0	0.0000
reactome_atf6_atf6_alpha_activates_chaperone_genes	0	0.0000
wp_metastatic_brain_tumor	0	0.0000
reactome_signaling_by_rho_gtpases_miro_gtpases_and_rhobtb3	0	0.0000
pid_cxcr4_pathway	0	0.0000
biocarta_cellcycle_pathway	0	0.6474
biocarta_mitr_pathway	0	0.0000
reactome_p75_ntr_receptor_mediated_signalling	0	0.0000
reactome_rab_geranylgeranylation	0	0.0000
reactome_synthesis_of_pa	0	0.0000
reactome_the_role_of_nef_in_hiv_1_replication_and_disease_pathogenesis	0	0.0000
wp_epithelial_to_mesenchymal_transition_in_colorectal_cancer	1	14.3341
wp_eukaryotic_transcription_initiation	0	0.0000
wp_mfap5mediated_ovarian_cancer_cell_motility_and_invasiveness	1	0.0000
biocarta_fxr_pathway	0	0.0000
pid_er_nongenomic_pathway	0	0.0000
reactome_pi_3k_cascade_fgfr1	0	1.2824
reactome_sars_cov_2_host_interactions	0	0.0000
wp_nucleotide_excision_repair	0	0.0000
reactome_rhoh_gtpase_cycle	0	0.0000
biocarta_arenrf2_pathway	0	0.0000
reactome_alpha_linolenic_omega3_and_linoleic_omega6_acid_metabolism	0	0.0000
reactome_estrogen_dependent_gene_expression	0	0.0000
reactome_trna_modification_in_the_mitochondrion	0	0.0000
reactome_regulation_of_tp53_activity_through_phosphorylation	0	0.0000
reactome_adora2b_mediated_anti_inflammatory_cytokines_production	0	0.0000
reactome_constitutive_signaling_by_aberrant_pi3k_in_cancer	1	1.7934
reactome_interleukin_1_processing	0	0.0000
biocarta_mapk_pathway	0	2.2390
reactome_prostacyclin_signalling_through_prostacyclin_receptor	0	0.0000
reactome_ripk1_mediated_regulated_necrosis	0	0.0000
reactome_transport_of_small_molecules	0	0.0000
wp_acetylcholine_synthesis	0	0.0000
reactome_dna_repair	0	0.0000
wp_conversion_of_angiotensinogen_to_angiotensin_ii	0	0.0000
reactome_frs_mediated_fgfr2_signaling	0	1.0524
wp_dna_mismatch_repair	0	0.0000
wp_familial_hyperlipidemia_type_5	0	0.0000
reactome_acyl_chain_remodeling_of_cl	0	0.0000
reactome_dopamine_neurotransmitter_release_cycle	0	0.0000
reactome_g_protein_beta_gamma_signalling	0	0.0000
wp_nrf2_pathway	0	0.0000
wp_pyrimidine_metabolism_and_related_diseases	0	0.0000
wp_kininkallikrein_pathway	0	0.0000
pid_s1p_s1p3_pathway	0	0.0000
reactome_srp_dependent_cotranslational_protein_targeting_to_membrane	0	0.0000
reactome_signaling_by_nodal	0	0.0000
wp_nonclassical_role_of_vitamin_d	0	0.0000
wp_somatic_sex_determination	0	0.0000
reactome_striated_muscle_contraction	0	0.0000
wp_nrp1triggered_signaling_pathways_in_pancreatic_cancer	1	7.9034
wp_tyrosine_metabolism_and_related_disorders	0	0.0000
biocarta_no2il12_pathway	0	0.0000
wp_ptdins45p2_in_cytokinesis_pathway	0	0.0000
reactome_ephrin_signaling	0	0.0000
wp_cytokines_and_inflammatory_response	0	0.0000
wp_purine_metabolism_and_related_disorders	0	0.0000
wp_aryl_hydrocarbon_receptor_pathway_wp2586	0	3.8699
wp_mir124_predicted_interactions_with_cell_cycle_and_differentiation	0	0.0000
reactome_gaba_receptor_activation	0	0.0000
reactome_sema4d_in_semaphorin_signaling	0	0.0000
wp_photodynamic_therapyinduced_nfe2l2_nrf2_survival_signaling	0	0.0000
reactome_dissolution_of_fibrin_clot	0	0.0000
reactome_signaling_by_pdgfra_transmembrane_juxtamembrane_and_kinase_domain_mutants	0	6.8783
wp_endometrial_cancer	1	13.2042
wp_transcriptional_activation_by_nrf2_in_response_to_phytochemicals	0	0.0000
reactome_transcriptional_regulation_by_npas4	0	0.0000
reactome_signaling_by_erbb4	0	0.0000
wp_nanoparticle_triggered_autophagic_cell_death	0	0.0000
wp_osx_and_mirnas_in_tooth_development	0	0.0000
wp_electron_transport_chain_oxphos_system_in_mitochondria	0	0.0000
reactome_activated_ntrk2_signals_through_cdk5	0	0.0000
reactome_cd163_mediating_an_anti_inflammatory_response	0	0.0000
reactome_diseases_of_signal_transduction_by_growth_factor_receptors_and_second_messengers	0	5.0572
reactome_ntrk2_activates_rac1	0	0.0000
reactome_interleukin_10_signaling	0	0.0000
reactome_clec7a_dectin_1_induces_nfat_activation	0	0.0000
reactome_assembly_of_active_lpl_and_lipc_lipase_complexes	0	0.0000
wp_heart_development	0	0.0000
reactome_g2_m_dna_replication_checkpoint	0	0.0000
reactome_mitochondrial_fatty_acid_beta_oxidation_of_unsaturated_fatty_acids	0	0.0000
wp_mrna_processing	0	0.0000
wp_sars_coronavirus_and_innate_immunity	0	0.0000
reactome_negative_regulation_of_fgfr4_signaling	0	0.4300
reactome_hdr_through_single_strand_annealing_ssa	0	0.0000
reactome_met_activates_ptk2_signaling	0	0.8030
reactome_scavenging_by_class_b_receptors	0	0.0000
biocarta_biopeptides_pathway	0	2.8009
reactome_regulation_of_runx3_expression_and_activity	0	0.0000
biocarta_crem_pathway	0	0.0000
biocarta_lis1_pathway	0	0.0000
reactome_neurotransmitter_clearance	0	0.0000
reactome_apoptosis_induced_dna_fragmentation	0	0.0000
reactome_fatty_acids_bound_to_gpr40_ffar1_regulate_insulin_secretion	0	0.0000
wp_mirna_biogenesis	0	0.0000
naba_proteoglycans	0	0.0000
wp_rett_syndrome_causing_genes	0	0.0000
reactome_alternative_complement_activation	0	0.0000
pid_il2_1pathway	0	6.2149
pid_upa_upar_pathway	0	0.0000
reactome_diseases_of_programmed_cell_death	0	0.0000
reactome_pi3k_akt_activation	0	0.4571
reactome_alk_mutants_bind_tkis	0	0.0000
reactome_netrin_mediated_repulsion_signals	0	0.0000
reactome_response_of_eif2ak1_hri_to_heme_deficiency	0	0.0000
wp_mevalonate_arm_of_cholesterol_biosynthesis_pathway	0	0.0000
biocarta_ctcf_pathway	0	5.2279
reactome_pentose_phosphate_pathway	0	0.0000
wp_mapk_signaling_pathway	0	6.1323
wp_sildenafil_treatment	0	0.0000
wp_vitamin_dsensitive_calcium_signaling_in_depression	0	0.0000
reactome_programmed_cell_death	0	0.0000
reactome_synthesis_of_pips_at_the_golgi_membrane	0	0.0000
reactome_organic_anion_transporters	0	0.0000
pid_fas_pathway	0	3.0543
reactome_atorvastatin_adme	0	0.0000
reactome_gpvi_mediated_activation_cascade	0	3.7971
reactome_metabolism_of_water_soluble_vitamins_and_cofactors	0	0.0000
reactome_defective_c1galt1c1_causes_tnps	0	0.0000
wp_extrafollicular_and_follicular_b_cell_activation_by_sarscov2	0	0.0000
reactome_transport_of_rcbl_within_the_body	0	0.0000
wp_gaba_metabolism_aka_ghb	0	0.0000
reactome_signaling_by_pdgf	0	4.8816
reactome_caspase_activation_via_dependence_receptors_in_the_absence_of_ligand	0	0.0000
reactome_interferon_signaling	0	0.0000
reactome_electric_transmission_across_gap_junctions	0	0.0000
wp_gpr40_pathway	0	0.0000
pid_amb2_neutrophils_pathway	0	0.0000
reactome_noncanonical_activation_of_notch3	0	0.0000
reactome_tnfs_bind_their_physiological_receptors	0	0.0000
reactome_pyruvate_metabolism	0	0.0000
reactome_release_of_hh_np_from_the_secreting_cell	0	0.0000
reactome_cytosolic_sensors_of_pathogen_associated_dna	0	0.0000
reactome_linoleic_acid_la_metabolism	0	0.0000
reactome_nephrin_family_interactions	0	0.0000
reactome_ca_dependent_events	0	0.0000
wp_striated_muscle_contraction_pathway	0	0.0000
naba_collagens	0	0.0000
reactome_adherens_junctions_interactions	0	0.0000
reactome_nucleotide_binding_domain_leucine_rich_repeat_containing_receptor_nlr_signaling_pathways	0	0.0000
reactome_activation_of_the_tfap2_ap_2_family_of_transcription_factors	0	0.0000
reactome_runx1_regulates_transcription_of_genes_involved_in_differentiation_of_keratinocytes	0	0.0000
reactome_synthesis_of_15_eicosatetraenoic_acid_derivatives	0	0.0000
wp_glutathione_metabolism	0	0.0000
reactome_insulin_processing	0	0.0000
reactome_protein_localization	0	0.0000
reactome_biosynthesis_of_maresins	0	0.0000
biocarta_chemical_pathway	0	0.6401
reactome_dual_incision_in_tc_ner	0	0.0000
reactome_glycogen_metabolism	0	0.0000
reactome_mitochondrial_uncoupling	0	0.0000
biocarta_notch_pathway	0	0.0000
reactome_regulation_of_tp53_activity_through_acetylation	0	0.0000
pid_tcr_jnk_pathway	0	0.0000
reactome_germ_layer_formation_at_gastrulation	0	0.0000
reactome_regulation_of_tp53_expression_and_degradation	0	0.0000
reactome_synthesis_of_pips_at_the_early_endosome_membrane	0	0.0000
wp_arrhythmogenic_right_ventricular_cardiomyopathy	0	0.0000
wp_glucuronidation	0	0.0000
wp_glyoxylate_metabolism	0	0.0000
wp_kennedy_pathway_from_sphingolipids	0	0.0000
wp_phase_i_biotransformations_non_p450	0	0.0000
wp_serotonin_receptor_2_and_elksrfgata4_signaling	0	9.1144
wp_zinc_homeostasis	0	0.0000
wp_alternative_pathway_of_fetal_androgen_synthesis	0	0.0000
reactome_p75ntr_recruits_signalling_complexes	0	0.0000
reactome_the_retinoid_cycle_in_cones_daylight_vision	0	0.0000
wp_ampactivated_protein_kinase_signaling	0	0.8390
sa_trka_receptor	0	7.3021
reactome_synthesis_of_bile_acids_and_bile_salts_via_24_hydroxycholesterol	0	0.0000
wp_peroxiredoxin_2_induced_ovarian_failure	0	0.0000
reactome_defective_chsy1_causes_tpbs	0	0.0000
biocarta_ace2_pathway	0	0.0000
reactome_meiosis	0	0.0000
wp_pancreatic_adenocarcinoma_pathway	1	15.5155
reactome_purine_salvage	0	0.0000
reactome_notch2_activation_and_transmission_of_signal_to_the_nucleus	0	0.0000
wp_disorders_in_ketolysis	0	0.0000
biocarta_il10_pathway	0	0.0000
pid_thrombin_par4_pathway	0	0.0000
reactome_glucose_metabolism	0	0.0000
biocarta_cytokine_pathway	0	0.0000
biocarta_il6_pathway	0	2.1258
reactome_highly_sodium_permeable_postsynaptic_acetylcholine_nicotinic_receptors	0	0.0000
reactome_influenza_infection	0	0.0000
reactome_met_promotes_cell_motility	0	0.6949
reactome_p75ntr_regulates_axonogenesis	0	0.0000
reactome_regulation_of_foxo_transcriptional_activity_by_acetylation	0	0.0000
reactome_runx3_regulates_bcl2l11_bim_transcription	0	0.0000
reactome_sirt1_negatively_regulates_rrna_expression	0	0.0000
biocarta_fosb_pathway	0	0.0000
reactome_switching_of_origins_to_a_post_replicative_state	0	0.0000
sig_insulin_receptor_pathway_in_cardiac_myocytes	0	6.9925
wp_aspirin_and_mirnas	0	0.0000
wp_bmp_signaling_in_eyelid_development	0	0.0000
wp_epo_receptor_signaling	0	4.1494
wp_estrogen_receptor_pathway	0	0.0000
wp_map3k1_role_in_promoting_and_blocking_gonadal_determination	0	0.0000
wp_1q211_copy_number_variation_syndrome	0	0.0000
wp_markers_of_kidney_cell_lineage	0	0.0000
wp_nipbl_role_in_dna_damage_cornelia_de_lange_syndrome	0	0.0000
reactome_formation_of_apoptosome	0	0.0000
biocarta_met_pathway	0	8.1243
reactome_foxo_mediated_transcription_of_cell_death_genes	0	0.0000
biocarta_cpsf_pathway	0	0.0000
reactome_removal_of_aminoterminal_propeptides_from_gamma_carboxylated_proteins	0	0.0000
reactome_synthesis_of_active_ubiquitin_roles_of_e1_and_e2_enzymes	0	0.0000
sig_regulation_of_the_actin_cytoskeleton_by_rho_gtpases	0	0.0000
reactome_neuronal_system	0	0.0000
biocarta_sm_pathway	0	0.0000
reactome_aggrephagy	0	0.0000
reactome_grb2_sos_provides_linkage_to_mapk_signaling_for_integrins	0	0.0000
reactome_transport_of_inorganic_cations_anions_and_amino_acids_oligopeptides	0	0.0000
wp_novel_intracellular_components_of_rigilike_receptor_pathway	0	0.0000
wp_phosphoinositides_metabolism	0	0.0000
wp_tcell_activation_sarscov2	0	5.7322
wp_fragile_x_syndrome	0	1.1245
reactome_defective_lfng_causes_scdo3	0	0.0000
reactome_irak2_mediated_activation_of_tak1_complex	0	0.0000
reactome_deubiquitination	0	0.0000
reactome_activation_of_kainate_receptors_upon_glutamate_binding	0	0.0000
biocarta_tall1_pathway	0	0.0000
reactome_mitochondrial_biogenesis	0	0.0000
pid_p38_alpha_beta_downstream_pathway	0	0.0000
reactome_infection_with_mycobacterium_tuberculosis	0	0.0000
reactome_activation_of_the_ap_1_family_of_transcription_factors	0	0.2950
reactome_lrr_flii_interacting_protein_1_lrrfip1_activates_type_i_ifn_production	0	0.0000
reactome_signaling_by_notch4	0	0.0000
reactome_vitamin_b1_thiamin_metabolism	0	0.0000
pid_cd40_pathway	0	0.5355
wp_glycosylation_and_related_congenital_defects	0	0.0000
wp_nanomaterial_induced_apoptosis	0	0.0000
biocarta_sppa_pathway	0	1.0597
wp_plateletmediated_interactions_with_vascular_and_circulating_cells	0	0.0000
biocarta_tert_pathway	0	0.0000
reactome_mtorc1_mediated_signalling	0	0.0000
reactome_regulation_of_ifna_ifnb_signaling	0	0.0000
reactome_glycerophospholipid_biosynthesis	0	0.0000
reactome_nuclear_import_of_rev_protein	0	0.0000
reactome_orexin_and_neuropeptides_ff_and_qrfp_bind_to_their_respective_receptors	0	0.0000
reactome_the_citric_acid_tca_cycle_and_respiratory_electron_transport	0	0.0000
reactome_translation_of_sars_cov_1_structural_proteins	0	0.0000
wp_foxp3_in_covid19	0	0.0000
wp_rala_downstream_regulated_genes	0	0.7213
reactome_highly_calcium_permeable_postsynaptic_nicotinic_acetylcholine_receptors	0	0.0000
wp_ranklrank_signaling_pathway	0	5.4755
biocarta_parkin_pathway	0	0.0000
wp_type_i_interferon_induction_and_signaling_during_sarscov2_infection	0	0.0000
reactome_shc_mediated_cascade_fgfr4	0	0.9974
reactome_mucopolysaccharidoses	0	0.0000
biocarta_tsp1_pathway	0	0.0000
biocarta_thelper_pathway	0	0.0000
reactome_tp53_regulates_metabolic_genes	0	0.0000
reactome_regulated_proteolysis_of_p75ntr	0	0.0000
biocarta_barrestin_src_pathway	0	2.1148
reactome_ovarian_tumor_domain_proteases	0	0.0000
reactome_regulation_of_beta_cell_development	0	0.0000
wp_proteoglycan_biosynthesis	0	0.0000
biocarta_bard1_pathway	0	0.0000
reactome_autophagy	0	0.0000
reactome_crosslinking_of_collagen_fibrils	0	0.0000
reactome_disorders_of_transmembrane_transporters	0	0.0000
reactome_telomere_c_strand_synthesis_initiation	0	0.0000
biocarta_atm_pathway	0	0.0000
reactome_asymmetric_localization_of_pcp_proteins	0	0.0000
reactome_regulation_of_pten_localization	0	0.0000
pid_integrin_a4b1_pathway	0	0.0000
reactome_shc_mediated_cascade_fgfr3	0	0.9348
reactome_creb_phosphorylation	0	0.0000
reactome_phase_4_resting_membrane_potential	0	0.0000
reactome_sumoylation_of_transcription_cofactors	0	0.0000
wp_microrna_network_associated_with_chronic_lymphocytic_leukemia	1	0.0000
reactome_intra_golgi_traffic	0	0.0000
reactome_sema3a_pak_dependent_axon_repulsion	0	0.0000
reactome_signaling_by_notch2	0	0.0000
reactome_role_of_phospholipids_in_phagocytosis	0	0.0000
reactome_m_phase	0	0.0000
wp_kallmann_syndrome	0	0.0000
biocarta_g1_pathway	0	5.2559
wp_neurodegeneration_with_brain_iron_accumulation_nbia_subtypes_pathway	0	0.0000
reactome_rna_polymerase_iii_transcription_termination	0	0.0000
reactome_transcriptional_regulation_of_pluripotent_stem_cells	0	0.0000
wp_type_iii_interferon_signaling	0	0.0000
reactome_nef_mediated_cd4_down_regulation	0	0.0000
reactome_pcna_dependent_long_patch_base_excision_repair	0	0.0000
pid_foxo_pathway	0	0.0000
reactome_cdc6_association_with_the_orc_origin_complex	0	0.0000
reactome_runx1_regulates_estrogen_receptor_mediated_transcription	0	0.0000
reactome_leukotriene_receptors	0	0.0000
reactome_frs_mediated_fgfr4_signaling	0	1.0670
wp_osteoblast_differentiation_and_related_diseases	0	2.7271
reactome_signaling_by_mras_complex_mutants	0	0.0000
reactome_josephin_domain_dubs	0	0.0000
biocarta_ngf_pathway	0	5.6304
wp_canonical_and_noncanonical_tgfb_signaling	0	2.1427
wp_nuclear_receptors_in_lipid_metabolism_and_toxicity	0	0.0000
reactome_constitutive_signaling_by_akt1_e17k_in_cancer	1	1.7328
reactome_unwinding_of_dna	0	0.0000
reactome_wnt_ligand_biogenesis_and_trafficking	0	2.3585
reactome_regulation_of_gene_expression_in_endocrine_committed_neurog3_progenitor_cells	0	0.0000
wp_ciliopathies	0	0.0000
reactome_association_of_tric_cct_with_target_proteins_during_biosynthesis	0	0.0000
reactome_negative_regulation_of_tcf_dependent_signaling_by_wnt_ligand_antagonists	0	0.0000
wp_endochondral_ossification_with_skeletal_dysplasias	0	0.0000
reactome_glucuronidation	0	0.0000
reactome_rrna_processing	0	0.0000
pid_circadian_pathway	0	0.0000
wp_il18_signaling_pathway	0	0.0000
reactome_histidine_catabolism	0	0.0000
reactome_nfe2l2_regulating_anti_oxidant_detoxification_enzymes	0	0.0000
reactome_abacavir_adme	0	0.0000
biocarta_csk_pathway	0	0.0000
biocarta_eicosanoid_pathway	0	0.0000
wp_cytosolic_dnasensing_pathway	0	0.0000
biocarta_erad_pathway	0	0.0000
reactome_met_receptor_activation	0	0.0000
biocarta_pten_pathway	0	3.7543
biocarta_wnt_pathway	0	0.0000
pid_smad2_3pathway	0	0.0000
wp_parkinsons_disease_pathway	0	0.0000
reactome_fgfr1_mutant_receptor_activation	0	0.5007
reactome_phase_ii_conjugation_of_compounds	0	0.0000
reactome_chylomicron_assembly	0	0.0000
wp_g13_signaling_pathway	0	0.0000
wp_mrna_vaccine_activation_of_dendritic_cell_and_induction_of_ifn1	0	0.0000
reactome_golgi_associated_vesicle_biogenesis	0	0.0000
reactome_dcc_mediated_attractive_signaling	0	0.0000
reactome_transport_of_fatty_acids	0	0.0000
wp_cholesterol_metabolism	0	0.0000
reactome_flt3_signaling_by_cbl_mutants	0	0.0000
reactome_leishmania_infection	0	0.0000
wp_transsulfuration_onecarbon_metabolism_and_related_pathways	0	0.0000
reactome_amyloid_fiber_formation	0	0.0000
reactome_sphingolipid_metabolism	0	0.0000
reactome_presynaptic_depolarization_and_calcium_channel_opening	0	0.0000
biocarta_akapcentrosome_pathway	0	0.0000
biocarta_reelin_pathway	0	0.0000
reactome_translocation_of_slc2a4_glut4_to_the_plasma_membrane	0	0.0000
wp_mirnas_involved_in_dna_damage_response	0	0.0000
biocarta_mhc_pathway	0	0.0000
biocarta_il12_pathway	0	0.0000
naba_ecm_regulators	0	0.0000
reactome_diseases_of_base_excision_repair	0	0.0000
reactome_rna_polymerase_ii_transcription	0	0.0000
biocarta_egf_pathway	0	6.2584
reactome_signal_regulatory_protein_family_interactions	0	0.0000
reactome_nectin_necl_trans_heterodimerization	0	0.0000
reactome_diseases_associated_with_n_glycosylation_of_proteins	0	0.0000
wp_mthfr_deficiency	0	0.0000
reactome_fructose_catabolism	0	0.0000
wp_disorders_of_folate_metabolism_and_transport	0	0.0000
wp_familial_hyperlipidemia_type_1	0	0.0000
wp_mapk_cascade	0	9.0374
wp_nucleotidebinding_oligomerization_domain_nod_pathway	0	0.0000
reactome_cargo_trafficking_to_the_periciliary_membrane	0	0.0000
reactome_anchoring_of_the_basal_body_to_the_plasma_membrane	0	0.0000
reactome_gap_filling_dna_repair_synthesis_and_ligation_in_gg_ner	0	0.0000
wp_erbb_signaling_pathway	0	12.0986
reactome_pka_activation_in_glucagon_signalling	0	0.0000
reactome_base_excision_repair	0	0.0000
reactome_cooperation_of_prefoldin_and_tric_cct_in_actin_and_tubulin_folding	0	0.0000
wp_extracellular_vesiclemediated_signaling_in_recipient_cells	0	13.2254
reactome_transport_of_connexons_to_the_plasma_membrane	0	0.0000
biocarta_npp1_pathway	0	0.0000
wp_hormonal_control_of_pubertal_growth_spurt	0	0.0000
reactome_sars_cov_2_modulates_autophagy	0	0.0000
pid_ecadherin_keratinocyte_pathway	0	0.6949
reactome_irf3_mediated_activation_of_type_1_ifn	0	0.0000
reactome_receptor_mediated_mitophagy	0	0.0000
reactome_sars_cov_2_targets_host_intracellular_signalling_and_regulatory_pathways	0	0.0000
wp_h19_action_rbe2f1_signaling_and_cdkbetacatenin_activity	0	0.0000
wp_linoleic_acid_metabolism_affected_by_sarscov2	0	0.0000
wp_transcription_cofactors_ski_and_skil_protein_partners	0	0.0000
biocarta_p27_pathway	0	0.8390
wp_transcription_factor_regulation_in_adipogenesis	0	0.0000
reactome_insertion_of_tail_anchored_proteins_into_the_endoplasmic_reticulum_membrane	0	0.0000
reactome_the_nlrp3_inflammasome	0	0.0000
wp_neural_crest_cell_migration_in_cancer	1	4.7133
reactome_biosynthesis_of_epa_derived_spms	0	0.0000
wp_smc1smc3_role_in_dna_damage_cornelia_de_lange_syndrome	0	0.0000
wp_serotonin_transporter_activity	0	0.0000
reactome_rna_polymerase_ii_transcription_termination	0	0.0000
wp_dna_damage_response	0	0.0000
wp_synaptic_signaling_pathways_associated_with_autism_spectrum_disorder	0	11.9542
wp_resistin_as_a_regulator_of_inflammation	0	7.6197
wp_type_i_collagen_synthesis_in_the_context_of_osteogenesis_imperfecta	0	0.0000
wp_oligodendrocyte_specification_and_differentiation_leading_to_myelin_components_for_cns	0	0.0000
reactome_glycogen_synthesis	0	0.0000
reactome_cristae_formation	0	0.0000
reactome_regulation_of_ras_by_gaps	0	0.0000
reactome_formation_of_tc_ner_pre_incision_complex	0	0.0000
wp_common_pathways_underlying_drug_addiction	0	0.6123
reactome_pi_3k_cascade_fgfr2	0	1.3030
reactome_downstream_signaling_of_activated_fgfr4	0	4.1494
wp_trop2_regulatory_signaling	0	1.2455
reactome_2_ltr_circle_formation	0	0.0000
reactome_negative_regulation_of_nmda_receptor_mediated_neuronal_transmission	0	0.0000
reactome_resolution_of_d_loop_structures	0	0.0000
reactome_formyl_peptide_receptors_bind_formyl_peptides_and_many_other_ligands	0	0.0000
wp_endoplasmic_reticulum_stress_response_in_coronavirus_infection	0	0.0000
reactome_elevation_of_cytosolic_ca2_levels	0	0.0000
wp_il4_signaling_pathway	0	2.7506
biocarta_reck_pathway	0	0.0000
wp_disorders_of_bile_acid_synthesis_and_biliary_transport	0	0.0000
pid_nfkappab_atypical_pathway	0	0.0000
reactome_release_of_apoptotic_factors_from_the_mitochondria	0	0.0000
reactome_polymerase_switching	0	0.0000
biocarta_eea1_pathway	0	0.0000
wp_ganglio_sphingolipid_metabolism	0	0.0000
wp_ethanol_effects_on_histone_modifications	0	0.0000
wp_leptin_signaling_pathway	0	7.1866
biocarta_inflam_pathway	0	0.0000
biocarta_barr_mapk_pathway	0	0.5303
reactome_hats_acetylate_histones	0	0.0000
pid_endothelin_pathway	0	0.0000
reactome_membrane_trafficking	0	0.0000
reactome_termination_of_o_glycan_biosynthesis	0	0.0000
wp_oncostatin_m_signaling_pathway	0	7.0201
reactome_tlr3_mediated_ticam1_dependent_programmed_cell_death	0	0.0000
reactome_cyp2e1_reactions	0	0.0000
reactome_runx2_regulates_genes_involved_in_cell_migration	0	0.0000
biocarta_mpr_pathway	0	0.0000
reactome_cytochrome_p450_arranged_by_substrate_type	0	0.0000
pid_epha_fwdpathway	0	0.0000
reactome_early_phase_of_hiv_life_cycle	0	0.0000
reactome_regulation_of_npas4_gene_expression	0	0.0000
biocarta_tpo_pathway	0	5.3824
reactome_respiratory_electron_transport	0	0.0000
reactome_degradation_of_gli1_by_the_proteasome	0	0.0000
reactome_synthesis_of_pips_at_the_er_membrane	0	0.0000
reactome_ephb_mediated_forward_signaling	0	0.0000
reactome_negative_regulation_of_fgfr3_signaling	0	0.4020
reactome_rho_gtpases_activate_ktn1	0	0.0000
reactome_phosphorylation_of_the_apc_c	0	0.0000
reactome_pi3k_events_in_erbb2_signaling	0	1.3920
reactome_condensation_of_prophase_chromosomes	0	0.0000
reactome_heme_signaling	0	0.0000
biocarta_neutrophil_pathway	0	0.0000
biocarta_mal_pathway	0	2.5460
reactome_intestinal_absorption	0	0.0000
reactome_metabolism_of_vitamins_and_cofactors	0	0.0000
biocarta_ctbp1_pathway	0	0.0000
reactome_cholesterol_biosynthesis	0	0.0000
reactome_n_glycan_antennae_elongation	0	0.0000
pid_glypican_1pathway	0	0.0000
reactome_signaling_by_ntrk3_trkc	0	3.8564
reactome_hormone_ligand_binding_receptors	0	0.0000
reactome_phospholipid_metabolism	0	0.0000
reactome_tp53_regulates_transcription_of_cell_cycle_genes	0	0.0000
reactome_potential_therapeutics_for_sars	0	0.0000
reactome_trail_signaling	0	0.0000
reactome_transcriptional_regulation_by_runx1	0	0.0000
reactome_selenoamino_acid_metabolism	0	0.0000
sa_mmp_cytokine_connection	0	0.0000
wp_autophagy	0	0.0000
wp_follicle_stimulating_hormone_fsh_signaling_pathway	0	0.6704
wp_glioblastoma_signaling_pathways	0	15.8100
reactome_foxo_mediated_transcription	0	0.0000
wp_hostpathogen_interaction_of_human_coronaviruses_autophagy	0	0.0000
wp_insulin_signaling_in_adipocytes_diabetic_condition	0	0.0000
reactome_fcgamma_receptor_fcgr_dependent_phagocytosis	0	0.0000
wp_gdnfret_signaling_axis	0	0.0000
reactome_polymerase_switching_on_the_c_strand_of_the_telomere	0	0.0000
reactome_deadenylation_dependent_mrna_decay	0	0.0000
reactome_nuclear_events_stimulated_by_alk_signaling_in_cancer	1	0.0000
wp_major_receptors_targeted_by_epinephrine_and_norepinephrine	0	0.0000
reactome_gamma_carboxylation_hypusine_formation_and_arylsulfatase_activation	0	0.0000
reactome_pp2a_mediated_dephosphorylation_of_key_metabolic_factors	0	0.0000
wp_bmp2wnt4foxo1_pathway_in_primary_endometrial_stromal_cell_differentiation	0	0.0000
wp_imatinib_and_chronic_myeloid_leukemia	1	0.0000
reactome_sting_mediated_induction_of_host_immune_responses	0	0.0000
biocarta_vip_pathway	0	0.0000
reactome_beta_oxidation_of_very_long_chain_fatty_acids	0	0.0000
reactome_tak1_dependent_ikk_and_nf_kappa_b_activation	0	0.0000
wp_prostaglandin_synthesis_and_regulation	0	0.0000
wp_ptf1a_related_regulatory_pathway	0	0.0000
wp_robo4_and_vegf_signaling_pathways_crosstalk	0	0.0000
wp_ultraconserved_region_339_modulation_of_tumor_suppressor_micrornas_in_cancer	1	0.0000
reactome_alpha_protein_kinase_1_signaling_pathway	0	0.0000
reactome_biological_oxidations	0	0.0000
reactome_fatty_acyl_coa_biosynthesis	0	0.0000
biocarta_tcytotoxic_pathway	0	0.0000
wp_dravet_syndrome	0	0.0000
reactome_endogenous_sterols	0	0.0000
wp_blood_clotting_cascade	0	0.0000
biocarta_plc_pathway	0	0.9001
reactome_signaling_by_nuclear_receptors	0	0.0000
biocarta_tff_pathway	0	9.0853
biocarta_pcaf_pathway	0	0.0000
biocarta_asbcell_pathway	0	0.0000
reactome_signaling_by_fgfr	0	0.3766
reactome_mismatch_repair	0	0.0000
wp_effect_of_intestinal_microbiome_on_anticoagulant_response_of_vitamin_k_antagonists	0	0.0000
reactome_hsp90_chaperone_cycle_for_steroid_hormone_receptors_shr_in_the_presence_of_ligand	0	0.0000
reactome_methylation	0	0.0000
reactome_presynaptic_function_of_kainate_receptors	0	0.0000
reactome_runx1_regulates_expression_of_components_of_tight_junctions	0	0.0000
wp_heme_biosynthesis	0	0.0000
wp_ldl_influence_on_cd14_and_tlr4	0	0.7808
wp_omega3_omega6_fatty_acid_synthesis	0	0.0000
wp_oxysterols_derived_from_cholesterol	0	0.0000
reactome_regulation_of_mecp2_expression_and_activity	0	0.0000
reactome_triglyceride_metabolism	0	0.0000
reactome_signaling_by_fgfr2_in_disease	0	0.9529
reactome_activation_of_the_phototransduction_cascade	0	0.0000
reactome_n_glycan_trimming_and_elongation_in_the_cis_golgi	0	0.0000
reactome_formation_of_the_beta_catenin_tcf_transactivating_complex	0	0.0000
wp_embryonic_stem_cell_pluripotency_pathways	0	7.8554
wp_vitamin_b12_metabolism	0	0.0000
reactome_clec7a_inflammasome_pathway	0	0.0000
biocarta_ndkdynamin_pathway	0	0.0000
reactome_cs_ds_degradation	0	0.0000
biocarta_cell2cell_pathway	0	0.0000
reactome_diseases_associated_with_glycosylation_precursor_biosynthesis	0	0.0000
reactome_mhc_class_ii_antigen_presentation	0	0.0000
reactome_traf3_dependent_irf_activation_pathway	0	0.0000
pid_rb_1pathway	0	0.9394
pid_rxr_vdr_pathway	0	0.0000
reactome_intra_golgi_and_retrograde_golgi_to_er_traffic	0	0.0000
biocarta_circadian_pathway	0	0.0000
reactome_aquaporin_mediated_transport	0	0.0000
reactome_unfolded_protein_response_upr	0	0.0000
wp_agerage_pathway	0	2.7012
wp_nucleotide_gpcrs	0	0.0000
wp_pentose_phosphate_pathway_in_senescent_cells	0	0.0000
reactome_arms_mediated_activation	0	0.0000
wp_iron_metabolism_in_placenta	0	0.0000
reactome_tgf_beta_receptor_signaling_activates_smads	0	0.0000
wp_tcell_antigen_receptor_tcr_pathway_during_staphylococcus_aureus_infection	0	1.1206
reactome_beta_oxidation_of_hexanoyl_coa_to_butanoyl_coa	0	0.0000
reactome_regulation_of_tlr_by_endogenous_ligand	0	0.0000
reactome_biosynthesis_of_maresin_like_spms	0	0.0000
reactome_scavenging_of_heme_from_plasma	0	0.0000
wp_glucocorticoid_biosynthesis	0	0.0000
wp_type_ii_diabetes_mellitus	0	0.0000
reactome_propionyl_coa_catabolism	0	0.0000
reactome_regulation_of_hsf1_mediated_heat_shock_response	0	0.0000
wp_amino_acid_metabolism	0	0.0000
reactome_adrenoceptors	0	0.0000
reactome_apc_c_cdc20_mediated_degradation_of_cyclin_b	0	0.0000
reactome_cytosolic_trna_aminoacylation	0	0.0000
reactome_termination_of_translesion_dna_synthesis	0	0.0000
wp_prolactin_signaling_pathway	0	7.7091
pid_hdac_classiii_pathway	0	0.0000
reactome_phosphorylation_of_emi1	0	0.0000
wp_neurotransmitter_disorders	0	0.0000
wp_serotonin_and_anxiety	0	0.0000
reactome_biosynthesis_of_the_n_glycan_precursor_dolichol_lipid_linked_oligosaccharide_llo_and_transfer_to_a_nascent_protein	0	0.0000
reactome_defective_factor_ix_causes_hemophilia_b	0	0.0000
wp_cardiac_progenitor_differentiation	0	0.0000
reactome_chondroitin_sulfate_dermatan_sulfate_metabolism	0	0.0000
reactome_carboxyterminal_post_translational_modifications_of_tubulin	0	0.0000
reactome_sodium_coupled_sulphate_di_and_tri_carboxylate_transporters	0	0.0000
reactome_negative_regulators_of_ddx58_ifih1_signaling	0	0.0000
wp_aflatoxin_b1_metabolism	0	0.0000
wp_clear_cell_renal_cell_carcinoma_pathways	1	0.0000
reactome_signaling_by_vegf	0	0.4869
reactome_organic_cation_anion_zwitterion_transport	0	0.0000
reactome_early_sars_cov_2_infection_events	0	0.0000
wp_methionine_de_novo_and_salvage_pathway	0	0.0000
wp_regulatory_circuits_of_the_stat3_signaling_pathway	0	0.0000
biocarta_mtor_pathway	0	0.0000
wp_nuclear_receptors	0	0.0000
pid_hedgehog_gli_pathway	0	0.0000
reactome_aflatoxin_activation_and_detoxification	0	0.0000
reactome_c_type_lectin_receptors_clrs	0	0.0000
reactome_signaling_by_fgfr4	0	5.7862
wp_physiological_and_pathological_hypertrophy_of_the_heart	0	0.0000
biocarta_pelp1_pathway	0	0.0000
pid_toll_endogenous_pathway	0	0.0000
wp_srf_and_mirs_in_smooth_muscle_differentiation_and_proliferation	0	0.0000
pid_ceramide_pathway	0	1.2526
reactome_neurofascin_interactions	0	0.0000
reactome_keratan_sulfate_biosynthesis	0	0.0000
sig_chemotaxis	0	1.9986
reactome_runx1_regulates_transcription_of_genes_involved_in_differentiation_of_hscs	0	0.0000
reactome_asparagine_n_linked_glycosylation	0	0.0000
wp_dna_damage_response_only_atm_dependent	0	17.0915
reactome_shc1_events_in_erbb4_signaling	0	0.0000
reactome_adenylate_cyclase_activating_pathway	0	0.0000
reactome_flt3_signaling_in_disease	0	0.7354
reactome_synaptic_adhesion_like_molecules	0	0.0000
wp_bardetbiedl_syndrome	0	0.0000
biocarta_mcm_pathway	0	0.0000
reactome_sumo_is_proteolytically_processed	0	0.0000
reactome_neurotoxicity_of_clostridium_toxins	0	0.0000
reactome_lectin_pathway_of_complement_activation	0	0.0000
wp_glucocorticoid_receptor_pathway	0	0.0000
reactome_sumoylation_of_transcription_factors	0	0.0000
reactome_irf3_mediated_induction_of_type_i_ifn	0	0.0000
biocarta_keratinocyte_pathway	0	0.7396
reactome_rna_polymerase_i_transcription	0	0.0000
wp_tolllike_receptor_signaling_pathway	0	8.0851
reactome_nr1h2_nr1h3_regulate_gene_expression_linked_to_gluconeogenesis	0	0.0000
pid_beta_catenin_deg_pathway	0	0.8518
reactome_blood_group_systems_biosynthesis	0	0.0000
reactome_response_to_metal_ions	0	0.0000
reactome_sialic_acid_metabolism	0	0.0000
reactome_signaling_by_erythropoietin	0	5.5553
reactome_class_b_2_secretin_family_receptors	0	0.6474
reactome_formation_of_fibrin_clot_clotting_cascade	0	0.0000
wp_control_of_immune_tolerance_by_vasoactive_intestinal_peptide	0	0.0000
reactome_orc1_removal_from_chromatin	0	0.0000
reactome_pka_mediated_phosphorylation_of_creb	0	0.0000
reactome_uptake_and_actions_of_bacterial_toxins	0	0.0000
wp_pdgfrbeta_pathway	0	3.2263
reactome_myd88_independent_tlr4_cascade	0	0.0000
reactome_n_glycan_trimming_in_the_er_and_calnexin_calreticulin_cycle	0	0.0000
wp_ppar_signaling_pathway	0	0.0000
reactome_signaling_by_rnf43_mutants	0	1.0991
reactome_erbb2_regulates_cell_motility	0	0.0000
reactome_frs_mediated_fgfr3_signaling	0	1.0453
wp_selective_expression_of_chemokine_receptors_during_tcell_polarization	0	0.0000
reactome_mrna_splicing_minor_pathway	0	0.0000
reactome_rhod_gtpase_cycle	0	0.0000
biocarta_lair_pathway	0	0.0000
reactome_regulation_of_bach1_activity	0	0.0000
reactome_regulation_of_signaling_by_nodal	0	0.0000
reactome_stat3_nuclear_events_downstream_of_alk_signaling	0	0.0000
wp_egfegfr_signaling_pathway	0	5.8593
reactome_signaling_by_bmp	0	0.0000
reactome_traf6_mediated_irf7_activation	0	0.0000
reactome_formation_of_tubulin_folding_intermediates_by_cct_tric	0	0.0000
biocarta_pdzs_pathway	0	0.0000
wp_ldlrad4_and_what_we_know_about_it	0	0.0000
wp_hematopoietic_stem_cell_gene_regulation_by_gabp_alphabeta_complex	0	0.0000
wp_mammary_gland_development_pathway_puberty_stage_2_of_4	0	0.0000
biocarta_tcra_pathway	0	0.0000
wp_dyrk1a	0	0.0000
wp_immune_response_to_tuberculosis	0	0.0000
reactome_class_i_peroxisomal_membrane_protein_import	0	0.0000
reactome_glycosaminoglycan_metabolism	0	0.0000
wp_folatealcohol_and_cancer_pathway_hypotheses	1	0.0000
wp_mitochondrial_gene_expression	0	0.0000
reactome_insulin_receptor_recycling	0	0.0000
wp_secretion_of_hydrochloric_acid_in_parietal_cells	0	0.0000
pid_vegf_vegfr_pathway	0	1.2455
reactome_mapk_family_signaling_cascades	0	1.3866
reactome_prolactin_receptor_signaling	0	0.0000
pid_rac1_reg_pathway	0	0.0000
reactome_long_term_potentiation	0	0.0000
reactome_regulation_of_glucokinase_by_glucokinase_regulatory_protein	0	0.0000
reactome_neutrophil_degranulation	0	0.0000
reactome_regulation_of_npas4_gene_transcription	0	0.0000
wp_pyrimidine_metabolism	0	0.0000
reactome_erbb2_activates_ptk6_signaling	0	0.0000
reactome_eukaryotic_translation_elongation	0	0.0000
wp_allograft_rejection	0	0.0000
pid_ras_pathway	0	0.6474
reactome_folding_of_actin_by_cct_tric	0	0.0000
reactome_signaling_by_fgfr3	0	5.7229
reactome_fgfr1_ligand_binding_and_activation	0	0.6123
reactome_chaperone_mediated_autophagy	0	0.0000
reactome_interleukin_27_signaling	0	0.0000
reactome_mapk_targets_nuclear_events_mediated_by_map_kinases	0	0.0000
pid_delta_np63_pathway	0	0.0000
reactome_processing_of_smdt1	0	0.0000
wp_creatine_pathway	0	0.0000
reactome_interleukin_2_signaling	0	0.0000
wp_histone_modifications	0	0.0000
reactome_initial_triggering_of_complement	0	0.0000
reactome_interleukin_6_signaling	0	0.0000
wp_gpr143_in_melanocytes_and_retinal_pigment_epithelium_cells	0	0.0000
reactome_apoptosis	0	0.0000
wp_sarscov2_altering_angiogenesis_via_nrp1	0	0.0000
reactome_negative_regulation_of_tcf_dependent_signaling_by_dvl_interacting_proteins	0	0.0000
wp_lncrnamediated_mechanisms_of_therapeutic_resistance	0	0.0000
wp_mammary_gland_development_pathway_pregnancy_and_lactation_stage_3_of_4	0	0.0000
reactome_cd209_dc_sign_signaling	0	0.8518
reactome_nod1_2_signaling_pathway	0	0.0000
wp_tolllike_receptor_signaling_related_to_myd88	0	0.0000
reactome_runx3_regulates_yap1_mediated_transcription	0	0.0000
reactome_interconversion_of_nucleotide_di_and_triphosphates	0	0.0000
reactome_glycosphingolipid_metabolism	0	0.0000
reactome_processing_of_dna_double_strand_break_ends	0	0.0000
reactome_regulation_of_plk1_activity_at_g2_m_transition	0	0.0000
wp_gpcrs_other	0	0.0000
reactome_keratan_sulfate_keratin_metabolism	0	0.0000
wp_focal_adhesion	0	12.9346
wp_mevalonate_pathway	0	0.0000
reactome_role_of_second_messengers_in_netrin_1_signaling	0	0.0000
wp_ganglio_series_sphingolipid_metabolism	0	0.0000
reactome_dna_damage_telomere_stress_induced_senescence	0	0.0000
wp_nocgmppkg_mediated_neuroprotection	0	0.0000
biocarta_terc_pathway	0	0.0000
reactome_akt_phosphorylates_targets_in_the_nucleus	0	0.0000
reactome_defective_chst6_causes_mcdc1	0	0.0000
wp_mitochondrial_immune_response_to_sarscov2	0	0.0000
reactome_slc_mediated_transmembrane_transport	0	0.0000
sa_g1_and_s_phases	0	7.8339
reactome_phospholipase_c_mediated_cascade_fgfr4	0	0.6329
wp_fatty_acid_transporters	0	0.0000
wp_ncrnas_involved_in_stat3_signaling_in_hepatocellular_carcinoma	1	0.0000
biocarta_ras_pathway	0	10.7720
pid_hif1_tfpathway	0	0.0000
biocarta_cxcr4_pathway	0	6.4616
pid_p53_downstream_pathway	0	0.0000
reactome_coenzyme_a_biosynthesis	0	0.0000
reactome_recruitment_of_numa_to_mitotic_centrosomes	0	0.0000
biocarta_igf1mtor_pathway	0	0.7306
biocarta_spry_pathway	0	7.8049
reactome_regulation_of_tp53_activity_through_methylation	0	0.0000
reactome_class_i_mhc_mediated_antigen_processing_presentation	0	0.0000
reactome_hur_elavl1_binds_and_stabilizes_mrna	0	0.0000
reactome_trans_golgi_network_vesicle_budding	0	0.0000
reactome_defective_intrinsic_pathway_for_apoptosis	0	0.0000
biocarta_ifng_pathway	0	0.0000
reactome_fgfrl1_modulation_of_fgfr1_signaling	0	0.6474
reactome_fibronectin_matrix_formation	0	0.0000
wp_androgen_receptor_signaling_pathway	0	1.3675
biocarta_tel_pathway	0	3.4863
reactome_defective_b4galt7_causes_eds_progeroid_type	0	0.0000
reactome_fasl_cd95l_signaling	0	0.0000
reactome_fcgr3a_mediated_il10_synthesis	0	0.0000
reactome_hdacs_deacetylate_histones	0	0.0000
reactome_serine_biosynthesis	0	0.0000
reactome_estrogen_biosynthesis	0	0.0000
pid_hdac_classii_pathway	0	0.0000
pid_trkr_pathway	0	3.1131
reactome_signaling_by_mapk_mutants	0	0.0000
reactome_signaling_by_ptk6	0	0.0000
wp_base_excision_repair	0	0.0000
wp_development_and_heterogeneity_of_the_ilc_family	0	0.0000
wp_hippoyap_signaling	0	0.0000
wp_mapk_pathway_in_congenital_thyroid_cancer	1	10.3750
pid_hif1a_pathway	0	1.4177
wp_tgfbeta_receptor_signaling	0	1.9476
biocarta_at1r_pathway	0	4.7095
reactome_processing_and_activation_of_sumo	0	0.0000
reactome_runx2_regulates_bone_development	0	0.0000
reactome_metal_ion_slc_transporters	0	0.0000
reactome_global_genome_nucleotide_excision_repair_gg_ner	0	0.0000
reactome_interaction_with_cumulus_cells_and_the_zona_pellucida	0	0.0000
reactome_aberrant_regulation_of_mitotic_exit_in_cancer_due_to_rb1_defects	1	0.0000
biocarta_vdr_pathway	0	0.0000
reactome_er_to_golgi_anterograde_transport	0	0.0000
reactome_foxo_mediated_transcription_of_oxidative_stress_metabolic_and_neuronal_genes	0	0.0000
reactome_organelle_biogenesis_and_maintenance	0	0.0000
reactome_interleukin_36_pathway	0	0.0000
reactome_serotonin_neurotransmitter_release_cycle	0	0.0000
reactome_tp53_regulates_transcription_of_genes_involved_in_g1_cell_cycle_arrest	0	0.0000
wp_il3_signaling_pathway	0	5.9001
wp_fluoroacetic_acid_toxicity	0	0.0000
wp_leptininsulin_signaling_overlap	0	0.0000
wp_mecp2_and_associated_rett_syndrome	0	0.0000
wp_serine_metabolism	0	0.0000
reactome_cobalamin_cbl_metabolism	0	0.0000
reactome_mapk1_erk2_activation	0	0.0000
reactome_pecam1_interactions	0	0.0000
reactome_pyroptosis	0	0.0000
reactome_sensory_processing_of_sound	0	0.0000
wp_farnesoid_x_receptor_pathway	0	0.0000
reactome_vitamin_b2_riboflavin_metabolism	0	0.0000
biocarta_nuclearrs_pathway	0	0.0000
pid_il5_pathway	0	0.4491
wp_interferon_type_i_signaling_pathways	0	0.0000
reactome_transport_of_the_slbp_dependant_mature_mrna	0	0.0000
wp_circadian_rhythm_genes	0	0.0000
reactome_activation_of_the_pre_replicative_complex	0	0.0000
reactome_cellular_hexose_transport	0	0.0000
reactome_beta_catenin_independent_wnt_signaling	0	0.2971
reactome_fgfr2b_ligand_binding_and_activation	0	0.8518
biocarta_gata3_pathway	0	0.0000
reactome_keratinization	0	0.0000
reactome_detoxification_of_reactive_oxygen_species	0	0.0000
reactome_synthesis_of_diphthamide_eef2	0	0.0000
wp_lipid_particles_composition	0	0.0000
reactome_ca2_pathway	0	0.5746
reactome_synthesis_of_wybutosine_at_g37_of_trna_phe	0	0.0000
reactome_traf6_mediated_induction_of_tak1_complex_within_tlr4_complex	0	0.0000
reactome_muscle_contraction	0	0.0000
reactome_trafficking_and_processing_of_endosomal_tlr	0	0.0000
reactome_tryptophan_catabolism	0	0.0000
wp_synaptic_vesicle_pathway	0	0.0000
reactome_chemokine_receptors_bind_chemokines	0	0.0000
wp_adipogenesis	0	0.0000
wp_glycolysis_and_gluconeogenesis	0	0.0000
pid_epha2_fwd_pathway	0	0.0000
reactome_reduction_of_cytosolic_ca_levels	0	0.0000
reactome_transcriptional_regulation_by_e2f6	0	0.0000
wp_neolacto_series_sphingolipid_metabolism	0	0.0000
reactome_glycogen_storage_diseases	0	0.0000
pid_lkb1_pathway	0	0.0000
reactome_regulation_of_gene_expression_by_hypoxia_inducible_factor	0	1.0991
reactome_bh3_only_proteins_associate_with_and_inactivate_anti_apoptotic_bcl_2_members	0	0.0000
reactome_synthesis_of_very_long_chain_fatty_acyl_coas	0	0.0000
reactome_map2k_and_mapk_activation	0	6.9723
wp_gpcrs_class_b_secretinlike	0	0.0000
wp_mineralocorticoid_biosynthesis	0	0.0000
wp_neurogenesis_regulation_in_the_olfactory_epithelium	0	0.0000
wp_oxidative_phosphorylation	0	0.0000
reactome_hyaluronan_uptake_and_degradation	0	0.0000
biocarta_gpcr_pathway	0	0.3535
reactome_constitutive_signaling_by_egfrviii	0	5.5851
reactome_rhoj_gtpase_cycle	0	0.0000
reactome_regulation_of_pten_gene_transcription	0	0.0000
wp_sting_pathway_in_kawasakilike_disease_and_covid19	0	0.0000
pid_vegfr1_pathway	0	2.2791
reactome_gap_junction_trafficking_and_regulation	0	0.0000
reactome_plasma_lipoprotein_assembly	0	0.0000
reactome_signaling_by_leptin	0	0.0000
reactome_hdl_clearance	0	0.0000
reactome_diseases_associated_with_surfactant_metabolism	0	0.0000
reactome_rhog_gtpase_cycle	0	0.0000
reactome_attachment_of_gpi_anchor_to_upar	0	0.0000
reactome_apoptotic_factor_mediated_response	0	0.0000
reactome_signaling_by_moderate_kinase_activity_braf_mutants	0	6.4486
reactome_dermatan_sulfate_biosynthesis	0	0.0000
reactome_mapk6_mapk4_signaling	0	0.0000
reactome_hdr_through_homologous_recombination_hrr	0	0.0000
reactome_nfe2l2_regulates_pentose_phosphate_pathway_genes	0	0.0000
reactome_signaling_by_ctnnb1_phospho_site_mutants	0	0.0000
reactome_opsins	0	0.0000
reactome_the_activation_of_arylsulfatases	0	0.0000
reactome_intraflagellar_transport	0	0.0000
reactome_e2f_enabled_inhibition_of_pre_replication_complex_formation	0	0.0000
wp_gammaglutamyl_cycle_for_the_biosynthesis_and_degradation_of_glutathione_including_diseases	0	0.0000
wp_transcription_factors_regulate_mirnas_related_to_cardiac_hypertrophy	0	0.0000
reactome_mitotic_metaphase_and_anaphase	0	0.0000
reactome_frs_mediated_fgfr1_signaling	0	1.0382
reactome_map3k8_tpl2_dependent_mapk1_3_activation	0	0.0000
reactome_signaling_by_csf1_m_csf_in_myeloid_cells	0	0.7149
reactome_constitutive_signaling_by_ligand_responsive_egfr_cancer_variants	1	4.1853
wp_head_and_neck_squamous_cell_carcinoma	1	18.1257
wp_melatonin_metabolism_and_effects	0	0.0000
wp_tca_cycle_nutrient_use_and_invasiveness_of_ovarian_cancer	1	0.9843
reactome_energy_dependent_regulation_of_mtor_by_lkb1_ampk	0	0.0000
pid_ephb_fwd_pathway	0	0.7790
reactome_activated_ntrk2_signals_through_pi3k	0	0.0000
reactome_regulation_of_hmox1_expression_and_activity	0	0.0000
biocarta_eosinophils_pathway	0	0.0000
reactome_rna_polymerase_i_transcription_termination	0	0.0000
reactome_transcriptional_regulation_of_testis_differentiation	0	0.0000
wp_nad_biosynthetic_pathways	0	0.0000
wp_th17_cell_differentiation_pathway	0	0.0000
reactome_negative_regulation_of_flt3	0	0.0000
reactome_meiotic_recombination	0	0.0000
biocarta_gleevec_pathway	0	9.3678
reactome_calcitonin_like_ligand_receptors	0	0.0000
wp_dna_repair_pathways_full_network	0	0.0000
reactome_defects_in_biotin_btn_metabolism	0	0.0000
reactome_acrosome_reaction_and_sperm_oocyte_membrane_binding	0	0.0000
reactome_trafficking_of_glur2_containing_ampa_receptors	0	0.0000
reactome_conjugation_of_benzoate_with_glycine	0	0.0000
biocarta_acetaminophen_pathway	0	0.0000
reactome_ethanol_oxidation	0	0.0000
wp_hepatitis_b_infection	0	9.6161
wp_intracellular_trafficking_proteins_involved_in_cmt_neuropathy	0	0.0000
wp_interactome_of_polycomb_repressive_complex_2_prc2	0	0.0000
reactome_regulation_of_pten_mrna_translation	0	0.0000
reactome_dectin_1_mediated_noncanonical_nf_kb_signaling	0	0.0000
reactome_erythropoietin_activates_ras	0	0.7230
reactome_beta_defensins	0	0.0000
wp_sulindac_metabolic_pathway	0	0.0000
reactome_pi5p_regulates_tp53_acetylation	0	0.0000
biocarta_free_pathway	0	0.0000
pid_pi3k_plc_trk_pathway	0	3.9499
reactome_activated_ntrk3_signals_through_ras	0	4.0051
reactome_tp53_regulates_transcription_of_cell_death_genes	0	0.0000
reactome_cell_extracellular_matrix_interactions	0	0.0000
reactome_interleukin_7_signaling	0	0.0000
reactome_metabolism_of_rna	0	0.0000
pid_il12_2pathway	0	0.0000
biocarta_plcd_pathway	0	0.0000
reactome_transcription_of_the_hiv_genome	0	0.0000
reactome_hcmv_infection	0	0.0000
reactome_pyrimidine_salvage	0	0.0000
biocarta_bcellsurvival_pathway	0	0.7401
wp_metabolism_of_alphalinolenic_acid	0	0.0000
reactome_tfap2_ap_2_family_regulates_transcription_of_cell_cycle_factors	0	0.0000
reactome_wnt5a_dependent_internalization_of_fzd2_fzd5_and_ror2	0	0.0000
reactome_listeria_monocytogenes_entry_into_host_cells	0	0.0000
wp_pluripotent_stem_cell_differentiation_pathway	0	1.4747
wp_prosurvival_signaling_of_neuroprotectin_d1	0	0.0000
reactome_hs_gag_degradation	0	0.0000
wp_cysteine_and_methionine_catabolism	0	0.0000
biocarta_erbb3_pathway	0	0.0000
reactome_beta_oxidation_of_pristanoyl_coa	0	0.0000
reactome_irak4_deficiency_tlr2_4	0	0.0000
naba_basement_membranes	0	0.8030
wp_benzene_metabolism	0	0.0000
pid_p38_mkk3_6pathway	0	0.0000
sa_programmed_cell_death	0	0.0000
wp_cholesterol_biosynthesis_with_skeletal_dysplasias	0	0.0000
reactome_digestion	0	0.0000
biocarta_monocyte_pathway	0	0.0000
reactome_insulin_receptor_signalling_cascade	0	7.9423
reactome_loss_of_function_of_mecp2_in_rett_syndrome	0	0.0000
reactome_epha_mediated_growth_cone_collapse	0	0.0000
wp_nicotine_metabolism_in_liver_cells	0	0.0000
biocarta_ptc1_pathway	0	0.0000
pid_gmcsf_pathway	0	6.2006
reactome_runx2_regulates_osteoblast_differentiation	0	0.0000
wp_nad_metabolism_sirtuins_and_aging	0	0.0000
sa_pten_pathway	0	9.6801
pid_s1p_s1p4_pathway	0	0.0000
reactome_flt3_signaling_through_src_family_kinases	0	0.0000
reactome_acetylcholine_neurotransmitter_release_cycle	0	0.0000
reactome_synthesis_of_leukotrienes_lt_and_eoxins_ex	0	0.0000
wp_vitamin_d_metabolism	0	0.0000
reactome_heme_degradation	0	0.0000
biocarta_akap95_pathway	0	0.0000
reactome_ptk6_regulates_rho_gtpases_ras_gtpase_and_map_kinases	0	0.0000
reactome_rna_polymerase_i_transcription_initiation	0	0.0000
reactome_branched_chain_amino_acid_catabolism	0	0.0000
reactome_chondroitin_sulfate_biosynthesis	0	0.0000
wp_aerobic_glycolysis	0	0.0000
pid_il8_cxcr1_pathway	0	0.0000
reactome_infectious_disease	0	0.0000
reactome_g_alpha_q_signalling_events	0	0.0000
wp_tca_cycle_in_senescence	0	0.0000
reactome_signaling_by_wnt	0	0.2259
biocarta_ccr5_pathway	0	0.0000
pid_cdc42_reg_pathway	0	0.0000
pid_pdgfra_pathway	0	0.3736
reactome_apobec3g_mediated_resistance_to_hiv_1_infection	0	0.0000
reactome_atf6_atf6_alpha_activates_chaperones	0	0.0000
reactome_inositol_phosphate_metabolism	0	0.0000
reactome_mitochondrial_translation	0	0.0000
wp_brainderived_neurotrophic_factor_bdnf_signaling_pathway	0	0.8568
reactome_diseases_of_glycosylation	0	0.0000
reactome_polo_like_kinase_mediated_events	0	0.0000
reactome_suppression_of_phagosomal_maturation	0	0.0000
wp_lipid_metabolism_in_senescent_cells	0	0.0000
pid_rhoa_reg_pathway	0	0.0000
wp_arylamine_metabolism	0	0.0000
reactome_nef_and_signal_transduction	0	0.0000
reactome_zinc_transporters	0	0.0000
pid_fgf_pathway	0	1.4642
reactome_downregulation_of_smad2_3_smad4_transcriptional_activity	0	0.0000
reactome_eph_ephrin_mediated_repulsion_of_cells	0	0.0000
pid_arf_3pathway	0	0.0000
biocarta_death_pathway	0	0.4869
biocarta_tcr_pathway	0	2.7506
reactome_base_excision_repair_ap_site_formation	0	0.0000
reactome_cellular_response_to_chemical_stress	0	0.0000
pid_mapk_trk_pathway	0	2.7012
reactome_cellular_response_to_hypoxia	0	0.0000
reactome_synthesis_of_substrates_in_n_glycan_biosythesis	0	0.0000
reactome_activation_of_ampk_downstream_of_nmdars	0	0.0000
pid_bmp_pathway	0	0.0000
biocarta_lym_pathway	0	0.0000
reactome_growth_hormone_receptor_signaling	0	0.0000
reactome_nucleotide_like_purinergic_receptors	0	0.0000
biocarta_ranbp2_pathway	0	0.0000
reactome_ptk6_regulates_proteins_involved_in_rna_processing	0	0.0000
reactome_regulation_of_fzd_by_ubiquitination	0	0.0000
wp_canonical_nfkb_pathway	0	3.7655
reactome_cooperation_of_pdcl_phlp1_and_tric_cct_in_g_protein_beta_folding	0	0.0000
reactome_diseases_of_dna_repair	0	0.0000
reactome_mitochondrial_trna_aminoacylation	0	0.0000
wp_fluoropyrimidine_activity	0	0.0000
wp_cori_cycle	0	0.0000
wp_interleukin1_il1_structural_pathway	0	0.0000
reactome_condensation_of_prometaphase_chromosomes	0	0.0000
reactome_inactivation_of_csf3_g_csf_signaling	0	0.0000
wp_microrna_for_targeting_cancer_growth_and_vascularization_in_glioblastoma	1	0.0000
biocarta_stem_pathway	0	0.0000
reactome_sars_cov_infections	0	0.0000
reactome_egfr_interacts_with_phospholipase_c_gamma	0	0.0000
reactome_senescence_associated_secretory_phenotype_sasp	0	0.0000
wp_envelope_proteins_and_their_potential_roles_in_edmd_physiopathology	0	5.0456
biocarta_fbw7_pathway	0	0.0000
reactome_chromatin_modifying_enzymes	0	0.0000
reactome_molybdenum_cofactor_biosynthesis	0	0.0000
wp_atm_signaling_in_development_and_disease	0	0.0000
reactome_activation_of_smo	0	0.0000
wp_steroid_biosynthesis	0	0.0000
reactome_a_tetrasaccharide_linker_sequence_is_required_for_gag_synthesis	0	0.0000
reactome_maturation_of_sars_cov_2_nucleoprotein	0	0.0000
wp_sterol_regulatory_elementbinding_proteins_srebp_signaling	0	0.0000
reactome_atf4_activates_genes_in_response_to_endoplasmic_reticulum_stress	0	0.0000
wp_thermogenesis	0	0.0000
biocarta_igf1r_pathway	0	6.3172
reactome_raf_independent_mapk1_3_activation	0	0.0000
pid_tgfbr_pathway	0	0.0000
reactome_apoptotic_cleavage_of_cell_adhesion_proteins	0	0.0000
reactome_fceri_mediated_ca_2_mobilization	0	0.0000
reactome_nr1h2_nr1h3_regulate_gene_expression_linked_to_lipogenesis	0	0.0000
reactome_xenobiotics	0	0.0000
wp_regucalcin_in_proximal_tubule_epithelial_kidney_cells	0	2.2435
reactome_dscam_interactions	0	0.0000
reactome_defective_chst3_causes_sedcjd	0	0.0000
wp_mechanoregulation_and_pathology_of_yaptaz_via_hippo_and_nonhippo_mechanisms	0	0.0000
reactome_defective_cftr_causes_cystic_fibrosis	0	0.0000
reactome_egr2_and_sox10_mediated_initiation_of_schwann_cell_myelination	0	0.0000
pid_integrin3_pathway	0	0.0000
wp_genes_controlling_nephrogenesis	0	0.0000
reactome_citric_acid_cycle_tca_cycle	0	0.0000
wp_nsp1_from_sarscov2_inhibits_translation_initiation_in_the_host_cell	0	0.0000
wp_mapk_and_nfkb_signaling_pathways_inhibited_by_yersinia_yopj	0	2.7711
pid_ilk_pathway	0	0.0000
reactome_ionotropic_activity_of_kainate_receptors	0	0.0000
wp_pilocytic_astrocytoma	0	5.0297
reactome_relaxin_receptors	0	0.0000
pid_myc_repress_pathway	0	0.0000
reactome_anchoring_fibril_formation	0	0.0000
biocarta_pml_pathway	0	0.0000
reactome_downregulation_of_erbb4_signaling	0	0.0000
reactome_signaling_by_ntrk2_trkb	0	1.8868
wp_nonhomologous_end_joining	0	0.0000
wp_tlr4_signaling_and_tolerance	0	0.0000
reactome_physiological_factors	0	0.0000
reactome_ret_signaling	0	1.9244
wp_ulcerative_colitis_signaling	0	0.0000
reactome_defective_ripk1_mediated_regulated_necrosis	0	0.0000
reactome_erythrocytes_take_up_oxygen_and_release_carbon_dioxide	0	0.0000
reactome_fatty_acid_metabolism	0	0.0000
reactome_proton_coupled_monocarboxylate_transport	0	0.0000
reactome_regulation_of_insulin_secretion	0	0.0000
reactome_sphingolipid_de_novo_biosynthesis	0	0.0000
reactome_vitamins	0	0.0000
wp_cancer_immunotherapy_by_ctla4_blockade	1	6.3712
reactome_binding_of_tcf_lef_ctnnb1_to_target_gene_promoters	0	6.6920
pid_cd8_tcr_pathway	0	0.5151
reactome_copi_independent_golgi_to_er_retrograde_traffic	0	0.0000
reactome_lipophagy	0	0.0000
reactome_gluconeogenesis	0	0.0000
biocarta_vobesity_pathway	0	0.0000
pid_alk1_pathway	0	0.0000
reactome_ciprofloxacin_adme	0	0.0000
biocarta_gh_pathway	0	4.2203
reactome_dag_and_ip3_signaling	0	0.0000
reactome_fgfr2_ligand_binding_and_activation	0	1.4937
pid_cd8_tcr_downstream_pathway	0	0.0000
pid_il4_2pathway	0	0.0000
reactome_dna_damage_bypass	0	0.0000
reactome_oas_antiviral_response	0	0.0000
reactome_met_receptor_recycling	0	1.0753
reactome_ptk6_promotes_hif1a_stabilization	0	0.0000
reactome_regulated_necrosis	0	0.0000
reactome_telomere_extension_by_telomerase	0	0.0000
reactome_scf_skp2_mediated_degradation_of_p27_p21	0	0.0000
pid_bcr_5pathway	0	4.9465
reactome_complex_i_biogenesis	0	0.0000
biocarta_mcalpain_pathway	0	0.0000
pid_integrin4_pathway	0	1.0528
reactome_tight_junction_interactions	0	0.0000
biocarta_aman_pathway	0	0.0000
reactome_mitochondrial_protein_import	0	0.0000
reactome_rab_gefs_exchange_gtp_for_gdp_on_rabs	0	0.0000
reactome_adaptive_immune_system	0	0.0000
reactome_recycling_of_bile_acids_and_salts	0	0.0000
reactome_response_to_elevated_platelet_cytosolic_ca2	0	0.0000
reactome_shc1_events_in_egfr_signaling	0	3.3333
reactome_s_phase	0	0.0000
naba_matrisome	0	0.0000
reactome_methionine_salvage_pathway	0	0.0000
reactome_rrna_processing_in_the_mitochondrion	0	0.0000
reactome_translation_of_replicase_and_assembly_of_the_replication_transcription_complex	0	0.0000
reactome_trna_processing_in_the_nucleus	0	0.0000
wp_16p112_proximal_deletion_syndrome	0	0.0000
reactome_downregulation_of_tgf_beta_receptor_signaling	0	0.0000
biocarta_tubby_pathway	0	0.0000
reactome_regulation_of_ifng_signaling	0	0.0000
wp_amino_acid_metabolism_pathway_excerpt_histidine_catabolism_extension	0	0.0000
reactome_biotin_transport_and_metabolism	0	0.0000
reactome_g0_and_early_g1	0	0.0000
wp_apoe_and_mir146_in_inflammation_and_atherosclerosis	0	0.0000
reactome_hdr_through_mmej_alt_nhej	0	0.0000
reactome_signaling_by_fgfr2	0	0.3298
wp_apoptosis_modulation_and_signaling	0	0.0000
wp_complement_system_in_neuronal_development_and_plasticity	0	0.0000
pid_lymph_angiogenesis_pathway	0	0.8022
wp_dna_irdouble_strand_breaks_and_cellular_response_via_atm	0	0.0000
wp_dopaminergic_neurogenesis	0	0.0000
reactome_sumo_is_transferred_from_e1_to_e2_ube2i_ubc9	0	0.0000
wp_insulin_signaling_in_adipocytes_normal_condition	0	0.0000
wp_pathways_of_nucleic_acid_metabolism_and_innate_immune_sensing	0	0.0000
wp_urea_cycle_and_associated_pathways	0	0.0000
reactome_metal_sequestration_by_antimicrobial_proteins	0	0.0000
reactome_establishment_of_sister_chromatid_cohesion	0	0.0000
biocarta_ifna_pathway	0	0.0000
reactome_maturation_of_sars_cov_1_spike_protein	0	0.0000
reactome_mitochondrial_calcium_ion_transport	0	0.0000
reactome_p75ntr_negatively_regulates_cell_cycle_via_sc1	0	0.0000
wp_fibrin_complement_receptor_3_signaling_pathway	0	0.0000
wp_focal_adhesion_pi3kaktmtorsignaling_pathway	0	10.7843
wp_ketogenesis_and_ketolysis	0	0.0000
wp_wntbetacatenin_signaling_pathway_in_leukemia	1	2.1427
wp_fatty_acid_omegaoxidation	0	0.0000
reactome_pka_mediated_phosphorylation_of_key_metabolic_factors	0	0.0000
reactome_organic_cation_transport	0	0.0000
wp_vitamin_b12_disorders	0	0.0000
biocarta_creb_pathway	0	3.3056
reactome_nef_mediated_cd8_down_regulation	0	0.0000
reactome_acyl_chain_remodelling_of_pc	0	0.0000
reactome_nuclear_envelope_ne_reassembly	0	0.0000
reactome_rho_gtpases_activate_iqgaps	0	0.0000
reactome_the_canonical_retinoid_cycle_in_rods_twilight_vision	0	0.0000
wp_gpcrs_class_a_rhodopsinlike	0	0.0000
pid_integrin1_pathway	0	0.6783
reactome_death_receptor_signaling	0	0.0000
reactome_tp53_regulates_transcription_of_caspase_activators_and_caspases	0	0.0000
reactome_adrenaline_noradrenaline_inhibits_insulin_secretion	0	0.0000
reactome_tysnd1_cleaves_peroxisomal_proteins	0	0.0000
reactome_signaling_by_fgfr4_in_disease	0	4.7237
wp_methylation_pathways	0	0.0000
reactome_cdc42_gtpase_cycle	0	0.0000
wp_type_ii_interferon_signaling	0	0.0000
wp_covid19_adverse_outcome_pathway	0	0.0000
biocarta_rnapol3_pathway	0	0.0000
wp_amino_acid_metabolism_in_triplenegative_breast_cancer_cells	1	0.0000
wp_white_fat_cell_differentiation	0	0.0000
wp_chemokine_signaling_pathway	0	6.8180
reactome_activation_of_the_mrna_upon_binding_of_the_cap_binding_complex_and_eifs_and_subsequent_binding_to_43s	0	0.0000
biocarta_tgfb_pathway	0	2.9346
reactome_prolonged_erk_activation_events	0	3.5636
pid_syndecan_2_pathway	0	0.0000
reactome_irs_mediated_signalling	0	6.1085
biocarta_comp_pathway	0	0.0000
biocarta_ion_pathway	0	0.0000
reactome_nostrin_mediated_enos_trafficking	0	0.0000
reactome_pou5f1_oct4_sox2_nanog_activate_genes_related_to_proliferation	0	0.0000
reactome_signaling_by_notch1	0	0.0000
reactome_nucleotide_catabolism	0	0.0000
reactome_signaling_by_mst1	0	0.0000
biocarta_dicer_pathway	0	0.0000
biocarta_btg2_pathway	0	0.0000
reactome_sars_cov_1_host_interactions	0	0.0000
reactome_phase_2_plateau_phase	0	0.0000
wp_egfr_tyrosine_kinase_inhibitor_resistance	0	12.3663
wp_hereditary_leiomyomatosis_and_renal_cell_carcinoma_pathway	1	0.0000
wp_hostpathogen_interaction_of_human_coronaviruses_apoptosis	0	0.0000
wp_canonical_and_noncanonical_notch_signaling	0	0.0000
pid_hdac_classi_pathway	0	0.0000
wp_photodynamic_therapyinduced_unfolded_protein_response	0	0.0000
wp_supression_of_hmgb1_mediated_inflammation_by_thbd	0	2.7569
reactome_rna_polymerase_iii_transcription_initiation_from_type_1_promoter	0	0.0000
reactome_hiv_transcription_initiation	0	0.0000
reactome_phenylalanine_metabolism	0	0.0000
reactome_lysine_catabolism	0	0.0000
reactome_hiv_transcription_elongation	0	0.0000
reactome_fgfr2_alternative_splicing	0	0.0000
pid_kit_pathway	0	5.2066
wp_mbdnf_and_probdnf_regulation_of_gaba_neurotransmission	0	0.0000
wp_purine_metabolism	0	0.0000
biocarta_rarrxr_pathway	0	0.0000
reactome_androgen_biosynthesis	0	0.0000
sa_reg_cascade_of_cyclin_expr	0	3.0855
wp_microglia_pathogen_phagocytosis_pathway	0	0.9394
reactome_snrnp_assembly	0	0.0000
reactome_acetylcholine_binding_and_downstream_events	0	0.0000
biocarta_ctla4_pathway	0	0.0000
reactome_resolution_of_abasic_sites_ap_sites	0	0.0000
wp_mitochondrial_complex_ii_assembly	0	0.0000
reactome_dopamine_clearance_from_the_synaptic_cleft	0	0.0000
reactome_dna_damage_recognition_in_gg_ner	0	0.0000
reactome_nef_mediates_down_modulation_of_cell_surface_receptors_by_recruiting_them_to_clathrin_adapters	0	0.0000
biocarta_bad_pathway	0	3.2189
reactome_transport_of_vitamins_nucleosides_and_related_molecules	0	0.0000
reactome_downstream_signaling_of_activated_fgfr3	0	4.0051
sa_fas_signaling	0	0.0000
reactome_degradation_of_beta_catenin_by_the_destruction_complex	0	0.0000
reactome_protein_repair	0	0.0000
reactome_irs_activation	0	0.0000
pid_pi3kci_akt_pathway	0	1.6785
reactome_keratan_sulfate_degradation	0	0.0000
reactome_translesion_synthesis_by_y_family_dna_polymerases_bypasses_lesions_on_dna_template	0	0.0000
reactome_metabolism_of_steroid_hormones	0	0.0000
reactome_negative_regulation_of_activity_of_tfap2_ap_2_family_transcription_factors	0	0.0000
reactome_inactivation_of_cdc42_and_rac1	0	0.0000
reactome_vldl_assembly	0	0.0000
reactome_heme_biosynthesis	0	0.0000
reactome_ncam1_interactions	0	0.0000
reactome_regulation_of_gene_expression_in_early_pancreatic_precursor_cells	0	0.0000
reactome_chromosome_maintenance	0	0.0000
pid_tap63_pathway	0	0.0000
biocarta_botulin_pathway	0	0.0000
reactome_pre_notch_processing_in_golgi	0	0.0000
pid_arf6_trafficking_pathway	0	0.0000
reactome_generation_of_second_messenger_molecules	0	0.0000
reactome_sema3a_plexin_repulsion_signaling_by_inhibiting_integrin_adhesion	0	0.0000
wp_ddx1_as_a_regulatory_component_of_the_drosha_microprocessor	0	0.0000
wp_activation_of_nlrp3_inflammasome_by_sarscov2	0	0.0000
pid_arf6_downstream_pathway	0	0.0000
biocarta_gsk3_pathway	0	5.8030
reactome_nucleotide_salvage	0	0.0000
reactome_ptk6_expression	0	0.0000
reactome_vesicle_mediated_transport	0	0.0000
sig_pip3_signaling_in_cardiac_myoctes	0	7.8997
reactome_circadian_clock	0	0.0000
reactome_ampk_inhibits_chrebp_transcriptional_activation_activity	0	0.0000
wp_tgfbeta_signaling_in_thyroid_cells_for_epithelialmesenchymal_transition	0	0.0000
biocarta_egfr_smrte_pathway	0	0.0000
biocarta_racc_pathway	0	0.0000
reactome_attachment_and_entry	0	0.0000
reactome_glucagon_like_peptide_1_glp1_regulates_insulin_secretion	0	0.0000
pid_txa2pathway	0	0.0000
reactome_dectin_2_family	0	0.0000
reactome_plasma_lipoprotein_assembly_remodeling_and_clearance	0	0.0000
reactome_response_of_eif2ak4_gcn2_to_amino_acid_deficiency	0	0.0000
reactome_glucocorticoid_biosynthesis	0	0.0000
wp_netrinunc5b_signaling_pathway	0	0.0000
wp_scfa_and_skeletal_muscle_substrate_metabolism	0	0.0000
reactome_effects_of_pip2_hydrolysis	0	0.0000
reactome_esr_mediated_signaling	0	0.0000
reactome_rho_gtpase_cycle	0	0.0000
reactome_fcgr_activation	0	0.0000
reactome_tgf_beta_receptor_signaling_in_emt_epithelial_to_mesenchymal_transition	0	0.0000
wp_nad_biosynthesis_ii_from_tryptophan	0	0.0000
reactome_slc_transporter_disorders	0	0.0000
reactome_notch2_intracellular_domain_regulates_transcription	0	0.0000
reactome_sars_cov_2_modulates_host_translation_machinery	0	0.0000
reactome_fceri_mediated_nf_kb_activation	0	0.0000
reactome_signal_amplification	0	0.0000
reactome_signaling_by_receptor_tyrosine_kinases	0	1.8246
wp_influence_of_laminopathies_on_wnt_signaling	0	2.4453
biocarta_ami_pathway	0	0.0000
reactome_maturation_of_sars_cov_2_spike_protein	0	0.0000
wp_il1_and_megakaryocytes_in_obesity	0	0.0000
biocarta_ach_pathway	0	1.9986
wp_disruption_of_postsynaptic_signaling_by_cnv	0	0.0000
reactome_cross_presentation_of_soluble_exogenous_antigens_endosomes	0	0.0000
wp_photodynamic_therapyinduced_nfkb_survival_signaling	0	0.0000
reactome_transcription_coupled_nucleotide_excision_repair_tc_ner	0	0.0000
reactome_runx1_interacts_with_co_factors_whose_precise_effect_on_runx1_targets_is_not_known	0	0.0000
reactome_ficolins_bind_to_repetitive_carbohydrate_structures_on_the_target_cell_surface	0	0.0000
reactome_gper1_signaling	0	0.0000
reactome_metabolic_disorders_of_biological_oxidation_enzymes	0	0.0000
reactome_nade_modulates_death_signalling	0	0.0000
reactome_budding_and_maturation_of_hiv_virion	0	0.0000
reactome_aurka_activation_by_tpx2	0	0.0000
reactome_signaling_by_cytosolic_fgfr1_fusion_mutants	0	0.0000
biocarta_set_pathway	0	0.0000
pid_wnt_signaling_pathway	0	0.8518
wp_arachidonate_epoxygenase_epoxide_hydrolase	0	0.0000
wp_peptide_gpcrs	0	0.0000
biocarta_wnt_lrp6_pathway	0	0.0000
biocarta_rb_pathway	0	0.0000
pid_telomerase_pathway	0	0.0000
biocarta_p38mapk_pathway	0	0.0000
reactome_nuclear_envelope_breakdown	0	0.0000
reactome_dual_incision_in_gg_ner	0	0.0000
reactome_signal_attenuation	0	0.0000
reactome_il_6_type_cytokine_receptor_ligand_interactions	0	0.0000
reactome_synthesis_of_bile_acids_and_bile_salts_via_27_hydroxycholesterol	0	0.0000
reactome_small_interfering_rna_sirna_biogenesis	0	0.0000
wp_corticotropinreleasing_hormone_signaling_pathway	0	0.8390
reactome_fc_epsilon_receptor_fceri_signaling	0	0.0000
biocarta_erbb4_pathway	0	0.0000
reactome_rhof_gtpase_cycle	0	0.0000
biocarta_ran_pathway	0	0.0000
reactome_sars_cov_1_targets_host_intracellular_signalling_and_regulatory_pathways	0	0.0000
reactome_transport_of_mature_transcript_to_cytoplasm	0	0.0000
wp_leukotriene_metabolic_pathway	0	0.0000
wp_photodynamic_therapyinduced_hif1_survival_signaling	0	0.0000
wp_development_of_pulmonary_dendritic_cells_and_macrophage_subsets	0	0.0000
wp_vegfavegfr2_signaling	0	0.0000
reactome_rhobtb2_gtpase_cycle	0	0.0000
pid_wnt_canonical_pathway	0	0.9562
reactome_translesion_synthesis_by_polh	0	0.0000
reactome_displacement_of_dna_glycosylase_by_apex1	0	0.0000
naba_ecm_affiliated	0	0.0000
reactome_rac1_gtpase_cycle	0	0.0000
reactome_synthesis_of_bile_acids_and_bile_salts_via_7alpha_hydroxycholesterol	0	0.0000
reactome_pyrimidine_catabolism	0	0.0000
reactome_regulation_of_lipid_metabolism_by_pparalpha	0	0.0000
reactome_metabolism_of_ingested_semet_sec_mesec_into_h2se	0	0.0000
reactome_intrinsic_pathway_for_apoptosis	0	1.4538
reactome_activation_of_anterior_hox_genes_in_hindbrain_development_during_early_embryogenesis	0	0.0000
reactome_vxpx_cargo_targeting_to_cilium	0	0.0000
wp_altered_glycosylation_of_muc1_in_tumor_microenvironment	0	2.6741
reactome_met_activates_rap1_and_rac1	0	0.7917
reactome_beta_catenin_phosphorylation_cascade	0	0.0000
wp_exrna_mechanism_of_action_and_biogenesis	0	0.0000
wp_il7_signaling_pathway	0	8.8364
wp_measles_virus_infection	0	4.3969
wp_oxidative_stress_response	0	0.0000
reactome_integrin_cell_surface_interactions	0	0.0000
reactome_mrna_decay_by_3_to_5_exoribonuclease	0	0.0000
reactome_notch4_intracellular_domain_regulates_transcription	0	0.0000
reactome_pi3k_events_in_erbb4_signaling	0	0.0000
reactome_acetylcholine_regulates_insulin_secretion	0	0.0000
wp_energy_metabolism	0	0.0000
wp_il2_signaling_pathway	0	3.6687
wp_onecarbon_metabolism	0	0.0000
wp_srebf_and_mir33_in_cholesterol_and_lipid_homeostasis	0	0.0000
reactome_dopamine_receptors	0	0.0000
wp_tgfbeta_receptor_signaling_in_skeletal_dysplasias	0	0.8789
reactome_golgi_cisternae_pericentriolar_stack_reorganization	0	0.0000
wp_sphingolipid_metabolism_overview	0	0.0000
reactome_vegfr2_mediated_vascular_permeability	0	0.0000
pid_tcr_ras_pathway	0	10.0627
biocarta_fmlp_pathway	0	0.0000
pid_hnf3a_pathway	0	0.0000
pid_il3_pathway	0	0.5572
reactome_na_cl_dependent_neurotransmitter_transporters	0	0.0000
biocarta_nkt_pathway	0	0.0000
reactome_rab_regulation_of_trafficking	0	0.0000
reactome_negative_regulation_of_notch4_signaling	0	0.0000
wp_endochondral_ossification	0	0.0000
reactome_parasite_infection	0	0.0000
wp_neural_crest_cell_migration_during_development	0	4.7133
reactome_defects_in_vitamin_and_cofactor_metabolism	0	0.0000
reactome_signaling_by_tgf_beta_receptor_complex	0	0.0000
biocarta_th1th2_pathway	0	0.0000
reactome_biosynthesis_of_specialized_proresolving_mediators_spms	0	0.0000
reactome_synthesis_of_pg	0	0.0000
biocarta_ppara_pathway	0	0.0000
pid_il1_pathway	0	0.0000
reactome_glycolysis	0	0.0000
wp_celltype_dependent_selectivity_of_cck2r_signaling	0	0.0000
wp_monoamine_transport	0	0.0000
wp_calcium_regulation_in_cardiac_cells	0	0.0000
reactome_interferon_gamma_signaling	0	0.0000
reactome_erk_mapk_targets	0	0.0000
wp_vitamin_k_metabolism_and_activation_of_dependent_proteins	0	0.0000
biocarta_pparg_pathway	0	0.0000
wp_catalytic_cycle_of_mammalian_flavincontaining_monooxygenases_fmos	0	0.0000
wp_drug_induction_of_bile_acid_pathway	0	0.0000
biocarta_skp2e2f_pathway	0	0.0000
pid_ar_pathway	0	0.0000
reactome_apoptotic_execution_phase	0	0.0000
pid_s1p_s1p2_pathway	0	0.0000
reactome_transcriptional_regulation_by_mecp2	0	0.0000
reactome_sars_cov_1_infection	0	0.0000
reactome_foxo_mediated_transcription_of_cell_cycle_genes	0	0.0000
wp_irinotecan_pathway	0	0.0000
reactome_trna_processing	0	0.0000
reactome_apc_c_mediated_degradation_of_cell_cycle_proteins	0	0.0000
wp_thyroid_stimulating_hormone_tsh_signaling_pathway	0	9.2119
reactome_creb3_factors_activate_genes	0	0.0000
reactome_diseases_of_carbohydrate_metabolism	0	0.0000
reactome_met_activates_pi3k_akt_signaling	0	0.3480
reactome_phase_i_functionalization_of_compounds	0	0.0000
reactome_mrna_decay_by_5_to_3_exoribonuclease	0	0.0000
pid_nephrin_neph1_pathway	0	6.7443
reactome_g1_s_dna_damage_checkpoints	0	0.0000
wp_estrogen_metabolism_wp5276	0	0.0000
reactome_pou5f1_oct4_sox2_nanog_repress_genes_related_to_differentiation	0	0.0000
wp_dopamine_metabolism	0	0.0000
reactome_g_alpha_s_signalling_events	0	0.0000
reactome_gaba_b_receptor_activation	0	0.0000
reactome_activated_ntrk3_signals_through_pi3k	0	0.0000
wp_aryl_hydrocarbon_receptor_pathway_wp2873	0	0.0000
pid_erbb4_pathway	0	4.2353
wp_interleukin11_signaling_pathway	0	5.6306
biocarta_il7_pathway	0	0.0000
wp_leukocyteintrinsic_hippo_pathway_functions	0	0.0000
wp_translation_inhibitors_in_chronically_activated_pdgfra_cells	0	10.3423
reactome_fatty_acids	0	0.0000
reactome_glutamate_and_glutamine_metabolism	0	0.0000
reactome_tnf_signaling	0	0.0000
wp_bone_morphogenic_protein_signaling_and_regulation	0	0.0000
reactome_crmps_in_sema3a_signaling	0	0.0000
reactome_metabolism_of_cofactors	0	0.0000
biocarta_fibrinolysis_pathway	0	0.0000
reactome_degradation_of_cysteine_and_homocysteine	0	0.0000
biocarta_rho_pathway	0	0.0000
wp_notch_signaling_pathway	0	0.0000
reactome_raf_activation	0	1.5804
reactome_fgfr1b_ligand_binding_and_activation	0	0.8030
reactome_adp_signalling_through_p2y_purinoceptor_12	0	0.0000
reactome_formation_of_the_early_elongation_complex	0	0.0000
wp_lacto_series_sphingolipid_metabolism	0	0.0000
reactome_signaling_by_interleukins	0	0.0000
reactome_sars_cov_1_modulates_host_translation_machinery	0	0.0000
reactome_norepinephrine_neurotransmitter_release_cycle	0	0.0000
reactome_interleukin_6_family_signaling	0	0.0000
reactome_resolution_of_d_loop_structures_through_synthesis_dependent_strand_annealing_sdsa	0	0.0000
reactome_deposition_of_new_cenpa_containing_nucleosomes_at_the_centromere	0	0.0000
reactome_dna_methylation	0	0.0000
reactome_ticam1_traf6_dependent_induction_of_tak1_complex	0	0.0000
wp_inflammatory_bowel_disease_signaling	0	0.0000
wp_airway_smooth_muscle_cell_contraction	0	0.0000
biocarta_npc_pathway	0	0.0000
pid_mtor_4pathway	0	0.6123
reactome_stabilization_of_p53	0	0.0000
wp_il10_antiinflammatory_signaling_pathway	0	0.0000
reactome_innate_immune_system	0	0.0000
reactome_mecp2_regulates_transcription_factors	0	0.0000
reactome_dap12_interactions	0	1.1790
biocarta_arf_pathway	0	8.8289
reactome_rnd2_gtpase_cycle	0	0.0000
reactome_regulation_of_tp53_activity	0	0.0000
reactome_carnitine_metabolism	0	0.0000
wp_modulators_of_tcr_signaling_and_t_cell_activation	0	0.0000
reactome_fgfr3_ligand_binding_and_activation	0	0.6329
reactome_nrage_signals_death_through_jnk	0	0.0000
reactome_mtor_signalling	0	0.0000
reactome_transcription_of_e2f_targets_under_negative_control_by_p107_rbl1_and_p130_rbl2_in_complex_with_hdac1	0	0.0000
pid_notch_pathway	0	0.0000
